date,INDUSTRY_A,INDUSTRY_B
2023-01-02,-0.000863367343038,-0.0066886057419556
2023-01-03,-0.000863367343038,0.0078417267343312
2023-01-04,-0.0034803674539112,-0.0006123614945669
2023-01-05,0.0205590401956502,-0.0068361977642161
2023-01-06,0.0094382827166642,-0.0214075248730418
2023-01-09,0.0028072778987434,0.0241698698033214
2023-01-10,0.0028072778987434,0.0060563824534576
2023-01-11,-0.0065253936256369,-0.0034916195899693
2023-01-12,-0.0028247537848402,-0.0129452451417004
2023-01-13,-0.0032785073856984,0.0008474562279155
2023-01-16,-0.0090066048223676,-0.0169444859210737
2023-01-17,-0.016122921251106,-0.0041108950636144
2023-01-18,0.0067438791436047,0.0073363977543437
2023-01-19,0.0117820459127439,0.0083047204911861
2023-01-20,0.004904131248389,0.0072638467036624
2023-01-23,-0.0008984802330184,-0.0081437129417885
2023-01-24,0.0267698313895029,0.0095842167463749
2023-01-25,-0.0077905325334452,0.0015070111276196
2023-01-26,0.00322225298354,-0.0181589516627234
2023-01-27,0.0136721390547648,0.0068373883046669
2023-01-30,-0.0131311731425886,0.0090871866715377
2023-01-31,0.0077081068591538,-0.0134634896088906
2023-02-01,0.0077081068591538,0.0223089142401455
2023-02-02,7.764661249944643e-05,0.0227483608007449
2023-02-03,0.0021115734059556,0.000845680235903
2023-02-06,-0.0077236013922638,0.0036595840770533
2023-02-07,0.0059192356078877,0.0037412979105331
2023-02-08,-0.0092798362464112,-0.0037314046292229
2023-02-09,-0.0006375854291456,-0.0194558415607662
2023-02-10,-0.0174617482158902,-0.0024218792460542
2023-02-13,-0.0310226597806202,-0.0156985964112716
2023-02-14,-0.0055369966930458,0.0153506272144504
2023-02-15,-0.0057216185098465,0.0059700406522028
2023-02-16,-0.0045629660948535,-0.0011324940706919
2023-02-17,0.0090420383710406,-0.0012039843844888
2023-02-20,0.0121586586139808,-0.0069232140999909
2023-02-21,0.0037351141107005,0.0154041663608745
2023-02-22,0.008120449901484,0.032235309924242
2023-02-23,-0.0089612718077279,-0.0251026776930545
2023-02-24,-0.0117320213019414,0.0023774923524104
2023-02-27,0.0061750752112325,0.0051461349987628
2023-02-28,-0.0132754845892855,0.0029720594995314
2023-03-01,0.0097585283662399,0.0024654095962735
2023-03-02,0.0344892610776783,0.0259095780528721
2023-03-03,0.0344892610776783,-0.0027438269788148
2023-03-05,-0.003786022358068,-0.0027438269788148
2023-03-06,-0.0215225598530417,-0.0027438269788148
2023-03-07,-0.0129147428931849,-0.0027438269788148
2023-03-08,0.0208683193039477,0.0163997759052372
2023-03-09,0.0047562509673678,-0.0015817021595158
2023-03-10,-0.0018744529893212,0.0126372690377663
2023-03-13,-0.0001880454243425,0.0074499701951224
2023-03-14,-0.0021520515741401,-0.0062000677699372
2023-03-15,-0.0166829699872223,-0.0382887641886223
2023-03-16,-0.0029387428127968,-0.0009759951402931
2023-03-17,-0.0152335604405054,-0.0096527288867804
2023-03-20,0.000845030755886,-0.0303190089731059
2023-03-21,-0.010781495913754,-0.0006697249639978
2023-03-22,0.0048447047527489,-0.0135974114443971
2023-03-23,0.0021013766059968,0.0158494475165459
2023-03-24,0.0095248755078907,0.0043334384457477
2023-03-27,-0.0054157157598915,-0.0122617909827584
2023-03-28,0.0058138373949158,0.006256037144239
2023-03-29,0.0077528480732264,0.0065159821362649
2023-03-30,0.0100251674041693,0.0073466817707991
2023-03-31,0.0096162645935802,0.0181924723602999
2023-04-03,-0.0094543195626977,-0.0315281799834248
2023-04-04,0.0187219142721746,0.0148804057698581
2023-04-05,-0.0203738307459534,-0.0224436775533946
2023-04-06,0.0094624915084379,0.001661344563199
2023-04-07,-0.0059447370318295,0.0164295978353886
2023-04-10,-0.0123674457566057,-0.018844847289546
2023-04-11,0.0027366377005792,0.0072009810804239
2023-04-12,0.0061561164120887,0.0166938553541216
2023-04-13,0.0025829434481782,0.0085223073779939
2023-04-14,-0.0029105111117809,-0.0008704446648471
2023-04-17,0.0014904101606436,-0.0008704446648471
2023-04-18,0.0094704776909931,0.013594461752957
2023-04-19,0.0007306040348021,-0.0111427993251072
2023-04-20,0.0010120550967525,0.0001869021467069
2023-04-21,0.0025181789577583,0.0330187490794622
2023-04-24,-0.0060852733424948,0.0023626944350015
2023-04-25,0.0130215448069315,0.0091932230078855
2023-04-26,0.0282541414300659,0.0115308867393423
2023-04-27,0.0040890706678405,-0.0089802590403705
2023-04-28,-0.0040182968217195,0.0011259033515395
2023-05-01,0.0103556487476927,0.0107527620250625
2023-05-02,0.0153093781920168,0.0078087191697495
2023-05-03,0.0153093781920168,0.0363441611935834
2023-05-04,0.0049308517933043,-0.007341769969395
2023-05-05,-0.0081311651469768,-0.0183681403982259
2023-05-08,0.0114388322702814,0.0016369101247608
2023-05-09,0.0017283497078778,0.0001095688685353
2023-05-10,0.0089779088952912,-0.006731921122049
2023-05-11,-0.0127068674337161,-0.006731921122049
2023-05-12,0.0074115114163987,0.0091782804666063
2023-05-15,-0.0095134447491679,0.0039521461033002
2023-05-16,-0.0087263311251476,-0.0127077811121603
2023-05-17,-0.011127442296664,0.011895079580239
2023-05-18,0.0078010584923281,0.0133050568562241
2023-05-19,0.0151665370537094,0.0492683397331054
2023-05-22,-0.0203107132469218,-0.0227566898849172
2023-05-23,-0.0071941010100942,-0.0164933600927836
2023-05-24,-0.0127309989712445,-0.0119401792673398
2023-05-25,-0.0143992445834728,-0.0038723083286885
2023-05-26,0.0008203798571433,0.0073453852486099
2023-05-29,0.006292741419659,0.0123716822750817
2023-05-30,-0.0042809072418865,0.0123716822750817
2023-05-31,0.0030131733977851,-0.0248241290381084
2023-06-01,-0.0118285089491946,-0.0248241290381084
2023-06-02,0.0004080155498156,-0.0015155993617058
2023-06-03,0.0004080155498156,-0.0215454655409784
2023-06-05,-0.0054211083747934,0.025460366020207
2023-06-06,0.0067877944889229,0.0144275018212231
2023-06-07,-0.0109728818553052,-0.0208799678094323
2023-06-08,-0.0109728818553052,0.0028370046482806
2023-06-09,-0.0220757388053734,0.0028370046482806
2023-06-12,0.000368864994482,-0.002872830581112
2023-06-13,-0.0095606849481601,-0.0134655361507998
2023-06-14,-0.0019223103228735,0.000124006028294
2023-06-15,0.0074574989906068,0.0198982666718455
2023-06-16,-0.0033321726823269,-0.0085370717479498
2023-06-19,0.0054518680824116,0.0119791520977023
2023-06-20,0.0054518680824116,0.008267259994079
2023-06-21,0.0119550240938716,0.0256092208228413
2023-06-22,0.0215398508806378,0.0005241608913635
2023-06-23,0.0003667785119901,0.0003612079890309
2023-06-26,-0.00097688282239,-0.0098830949238024
2023-06-27,-0.0176267440387728,-0.0092718001550536
2023-06-28,-0.0090202679145749,-0.0042034466071563
2023-06-29,-0.0093285225003862,-0.0213295343571136
2023-06-30,0.0030115803245227,0.0039433839226906
2023-07-03,0.0071513836558511,0.0039433839226906
2023-07-04,0.0071513836558511,0.0090275545364908
2023-07-05,-0.0127307359464079,-0.0260463630399766
2023-07-06,0.01919395336128,-0.0016987289979854
2023-07-07,-0.0123273288576237,-0.0079750605644155
2023-07-10,-0.0008823089605286,-0.0134448106771846
2023-07-11,-0.0034596786245572,0.0154700747557283
2023-07-12,-0.0094719233059815,-0.0256165831807307
2023-07-13,0.0115111234507975,0.0139208372686621
2023-07-14,-0.0072462234477839,-0.0269744592549147
2023-07-17,-0.0087354802772627,-0.0060429301534009
2023-07-18,0.0141880650786058,-0.0063183178029253
2023-07-19,-0.0008142385781376,0.0091382322135133
2023-07-20,-0.028375208081463,-0.0022739157655627
2023-07-21,-0.0139894068664772,-0.0036699408274076
2023-07-24,0.0031601977953289,0.0173731845638223
2023-07-25,0.0068110925707224,-0.0299011571389177
2023-07-26,-0.0092173509658718,-0.0035756725482201
2023-07-27,-0.0021397586334374,0.0055204651372982
2023-07-28,0.0096723986680364,0.014477275600111
2023-07-31,-0.0023712993106535,-0.0278240863549844
2023-08-01,-0.0052657749862578,0.0027697933389649
2023-08-02,-0.0128853670306057,0.0027697933389649
2023-08-03,0.0111007195672076,0.0027697933389649
2023-08-04,-0.0365653583957487,-0.0402211254963669
2023-08-06,0.0006416659891634,-0.0402211254963669
2023-08-07,0.0228342699026729,0.0058713802528496
2023-08-08,-0.0236097186775479,0.0034639478369729
2023-08-09,0.000360267098524,0.0159840547901037
2023-08-10,0.0035235041026323,0.0159840547901037
2023-08-11,0.0045561109725741,0.0126796982524481
2023-08-14,0.0275291653826731,0.0303716813907687
2023-08-15,-0.0187640718141464,0.0303716813907687
2023-08-16,0.0138977692172386,0.025503400143587
2023-08-17,-0.0049192597967091,0.0136737025941669
2023-08-18,0.0113329087946144,0.0435370497469128
2023-08-21,-0.0088000208349821,-0.0125499837575675
2023-08-22,-0.0034734285815194,-0.0091085752011622
2023-08-23,-0.0104802489971632,-0.0457825192334261
2023-08-24,-0.0050163936846776,0.0022477204983458
2023-08-25,-0.0057186621460709,0.0242024132987895
2023-08-28,0.0003605097525903,0.0186431188368549
2023-08-29,0.0033370449527596,0.0137903121840463
2023-08-30,0.0035508986472027,0.0216683593787258
2023-08-31,0.0008712722015888,0.0075915626655532
2023-09-01,0.0045959952038005,-0.0013815572151857
2023-09-04,0.0050597878270961,0.0349418042274098
2023-09-05,-0.0030447633051453,0.0041466480509497
2023-09-06,0.0152933474104333,-0.0158417524042975
2023-09-07,0.0003405970126323,-0.0338705885019368
2023-09-08,0.0064004338237815,-0.027892601945434
2023-09-11,0.0178392467712947,0.0131050681635395
2023-09-12,0.0121960882384638,-0.0055921231554225
2023-09-13,-0.0184300896796006,-0.0073522760337943
2023-09-14,-0.0002032412794737,-0.0071653046667906
2023-09-15,0.0012159353687931,0.0402519496316179
2023-09-18,0.0102143065684286,0.0211042995161286
2023-09-19,0.0103272426986402,0.027315576666607
2023-09-20,-0.0020808600748089,-0.0306278843874607
2023-09-21,-0.0020630335960721,0.0103406305322678
2023-09-22,-0.0114376047413808,-0.0094025601234238
2023-09-25,-0.0081012369160277,0.0165809380472318
2023-09-26,0.0091934841848787,0.0148056005743019
2023-09-27,0.0076592157574516,0.0148056005743019
2023-09-28,0.00257067539033,-0.0154120535390969
2023-09-29,-0.0260373037450068,-0.0134979544876285
2023-10-01,0.0060640222936076,-0.0134979544876285
2023-10-02,0.0040878830752657,0.0197112544871255
2023-10-03,0.0190560297929884,0.0338464735297274
2023-10-04,-0.0117762831195265,-0.0121190936337841
2023-10-05,0.0059640115505765,0.0397354177415058
2023-10-06,0.0179611904445669,0.0267511723470932
2023-10-08,0.0179611904445669,0.0086462049060906
2023-10-09,-0.0044534554665914,-0.0153116331257876
2023-10-10,0.0096668946005988,-0.009946614252692
2023-10-11,-0.0026612362117636,-0.0032567415021003
2023-10-12,0.0193149450694736,0.0065008899230367
2023-10-13,-0.0290709956628713,-0.0102548618014559
2023-10-16,-0.0081882622372471,-0.0043238257879366
2023-10-17,-0.0008404564101054,-0.0044350815880778
2023-10-18,0.0096840869814164,-0.0161118215277359
2023-10-19,-0.0060041706994523,0.0061513438059133
2023-10-20,-0.0071690173041324,-0.027308775675484
2023-10-23,0.0082226641190808,0.0209608876702153
2023-10-24,-0.000339942491716,-0.028241423276302
2023-10-25,0.0086716369603857,-0.0185342542423933
2023-10-26,0.0039055913221779,-0.0103571337987205
2023-10-27,-0.0137180714292035,-0.0145650550812256
2023-10-30,-0.0019995706771271,-0.0104244842134013
2023-10-31,0.0072644393385818,-0.0020349794762669
2023-11-01,0.0119622904600618,0.0111749049290327
2023-11-02,-0.0081706864791556,-0.0172953565779511
2023-11-03,-0.0195699555885692,-0.0076078448777243
2023-11-05,-0.0195699555885692,-0.0044392580583565
2023-11-06,-0.0040550505670162,-0.0363480438529095
2023-11-07,-0.0062285784732328,-0.0166315329579953
2023-11-08,0.0191081311060479,-0.0128852001079027
2023-11-09,-0.0170962095968086,0.0055820276250882
2023-11-10,0.0164811578895675,-0.0007759618622735
2023-11-13,-0.0073850298737069,0.0043540349671069
2023-11-14,-0.0277251975633437,-0.0432487042436354
2023-11-15,-0.0031688008102085,0.0202242640360994
2023-11-16,-0.0050287610580008,-0.0015950256385282
2023-11-17,0.0138054712707681,0.0383674144241793
2023-11-20,-0.0067221816777797,-0.0042938798077265
2023-11-21,0.0220646626561141,-0.0085310811120525
2023-11-22,0.0125309728466458,-0.0070515738659765
2023-11-23,0.0014296684052378,-0.0026288507538041
2023-11-24,-0.0112961392084147,-0.0208446930266392
2023-11-27,0.003516972371045,0.0163149041850188
2023-11-28,-0.001356834438262,0.0001677081822944
2023-11-29,0.0070540887954925,-0.0096704796643035
2023-11-30,0.009076310100955,0.0171329345725037
2023-12-05,0.0100292500269456,-0.0016480197016801
2023-12-06,-0.0046379521231605,0.0049291533742003
2023-12-07,-0.0097310108888159,-0.0117245037186496
2023-12-08,0.0012751132084212,0.0149754948778545
2023-12-11,-0.0070551833941544,-0.0305779409778508
2023-12-12,-0.0227991696102185,-0.0316945710633581
2023-12-13,-0.0155580126183992,-0.0115639567287013
2023-12-14,-0.0140665618431712,-0.0185012210462284
2023-12-15,-0.0090890306197845,-0.0117675959467192
2023-12-18,0.0160700519782774,0.0190802407750952
2023-12-19,0.000393552983312,-0.0063712223404514
2023-12-20,-0.0049987918794762,0.0016637161756616
2023-12-21,0.0072100288802274,-0.008662436270946
2023-12-22,0.0006377690673707,-0.0286660471621573
2023-12-25,0.0027405654100471,0.0125142758255697
2023-12-26,-0.0031608235225705,0.0240388735414229
2023-12-27,-0.0103748613692326,-0.003138028823598
2023-12-28,-0.0002298969599914,-0.0015910370723838
2023-12-29,-0.0011718660160569,0.0008072459932437
2024-01-01,0.0103755049215643,0.0258910277564036
2024-01-02,0.0103755049215643,0.0117334067800339
2024-01-03,-0.0082212033552013,0.0059915994448473
2024-01-04,-0.0082212033552013,0.010197508495541
2024-01-05,0.0267276905287188,0.0142722239482589
2024-01-08,-0.0261105218896889,-0.0235174296073542
2024-01-09,0.0149825016114716,0.0168721147893972
2024-01-10,0.0149825016114716,0.0163044922203312
2024-01-11,0.0149825016114716,0.0209874785946789
2024-01-12,0.0149825016114716,0.028462601774448
2024-01-15,0.004505553006875,0.0156180917272179
2024-01-16,-0.0034855248770294,-0.0107052617969437
2024-01-17,0.0206812116850276,0.0154779582058197
2024-01-18,0.0098585667903485,0.0076631939344065
2024-01-19,-0.0068381878110395,-0.0039659840995468
2024-01-22,0.0174319282132125,0.0183726807870913
2024-01-23,-0.0203376779167655,-0.0152981178864192
2024-01-24,0.0215875255124565,0.0098776880659384
2024-01-25,-0.0214057443008101,0.0141853007898362
2024-01-26,0.0083887101177535,0.0040128503564883
2024-01-29,-0.0042570128329848,0.012890931177583
2024-01-30,-0.0063038008027143,0.0126045319267842
2024-01-31,0.006706343428691,0.0074999331987565
2024-02-01,0.0001729970659501,-0.0013523166494813
2024-02-02,0.0127476814425111,-0.0047358048770455
2024-02-05,-0.0192631015219625,-0.0027984597121363
2024-02-06,0.0077748599368057,0.011506820961554
2024-02-07,0.0050927404354164,-0.0015443831127947
2024-02-08,0.0096497924526263,0.0051189201419284
2024-02-09,-0.0056453627297821,-0.0078636632041503
2024-02-12,0.0244476763853099,-0.010141525104246
2024-02-13,0.0061974572515495,-0.0202934225902473
2024-02-14,-0.0010988000598756,-0.0068751476593575
2024-02-15,-0.0248203395601585,-0.0093534569006413
2024-02-16,-0.0043604567463063,-0.0326306933548391
2024-02-19,0.010274817089291,0.0266489141497196
2024-02-20,0.0180814921075588,0.0159578288884361
2024-02-21,0.0007526976629253,0.0194089272047713
2024-02-22,0.0007526976629253,0.0284101093455437
2024-02-23,-0.0110984512267576,-0.003802163482965
2024-02-26,0.0054741937314971,-0.022592117790056
2024-02-27,0.0058323279154492,0.0359569424424443
2024-02-28,0.0078792339896094,0.025760339673775
2024-02-29,0.0023949767615444,0.0003708091918877
2024-03-01,0.0047752566809717,-0.0088117498723657
2024-03-04,-0.0113653022468126,0.0112543567134595
2024-03-05,0.0166681081143982,-0.0041805149847236
2024-03-06,0.0118159856546463,0.0058270675310907
2024-03-07,0.0042777028938851,0.0091224359210841
2024-03-08,0.0121322056174918,0.0084412388309747
2024-03-09,0.0121322056174918,0.0084412388309747
2024-03-10,0.0138897534723365,0.0084412388309747
2024-03-11,0.0171219439436232,0.0084412388309747
2024-03-12,0.0076902112696343,-0.0073119098467775
2024-03-13,0.026103908128458,0.0223554180332472
2024-03-14,0.0087559691041411,-0.0177449121553853
2024-03-15,-0.0096724242769492,0.0118639931306093
2024-03-18,0.0036426934195112,-0.025179343166436
2024-03-19,0.0126594791478058,-0.0001941296631747
2024-03-20,0.0171358038305205,0.0090064459920935
2024-03-21,0.0026564802322463,0.0184193297985537
2024-03-22,-0.0105699156502559,-0.0205481981919307
2024-03-25,-0.0021579810447772,0.010504234252494
2024-03-26,-0.0157705270313618,-0.0333159566730023
2024-03-27,0.0100846511245255,-0.0025848389437283
2024-03-28,-0.0045067121550433,-0.0292549826547285
2024-03-29,-0.0079477517722237,-0.0048967760549435
2024-04-01,-0.0089438982859238,-0.0042209683996004
2024-04-02,0.0200885134427899,0.0022518588325149
2024-04-03,-0.007997101619022,0.0171482061173957
2024-04-04,0.002737521828367,-0.0062650684399309
2024-04-05,-0.0016615975741671,-0.0062650684399309
2024-04-08,0.0177944338355081,-0.0010140538202441
2024-04-09,-0.0003092057209492,0.0010826785119594
2024-04-10,-0.0116348813261991,-0.0077965822693468
2024-04-11,0.0002638743254204,0.0164301585687434
2024-04-12,0.0146891003397344,-0.0007230625783043
2024-04-15,-0.0023674377263297,0.0080512492775699
2024-04-16,-0.0068222613871241,0.0042974025934227
2024-04-17,-0.0008548778484305,-0.0143841364862158
2024-04-18,-0.0112820405545557,0.0138870114477476
2024-04-19,-0.0016770577497195,0.0224118940880987
2024-04-22,-0.0059636351285789,0.0005626918823333
2024-04-23,0.0289121206762188,0.0022188474995564
2024-04-24,-0.0225737739987973,0.0048191232133296
2024-04-25,-0.0097217092647168,-0.0061488875494952
2024-04-26,-0.006831018525419,-0.0002869787828595
2024-04-29,-0.0112064344862289,-0.0093149268783682
2024-04-30,0.0055977839186784,-0.0110685076916335
2024-05-01,-0.0082010083557506,-0.0099041696520339
2024-05-02,-0.0169457852107153,-0.0162252155081477
2024-05-03,0.0016255584788348,-0.0162252155081477
2024-05-04,0.0016255584788348,0.0183163749231266
2024-05-06,0.0086783901547739,-0.002138274915689
2024-05-07,-0.0076689215491877,0.0052528647439773
2024-05-08,0.0174317374976213,0.0052528647439773
2024-05-09,0.0060223787777324,0.0001696678736007
2024-05-10,0.0060223787777324,0.0251040821988249
2024-05-13,0.0063039145162171,-0.0215770084576958
2024-05-14,0.0063039145162171,0.0209844889811029
2024-05-15,-0.0024591540399772,0.0127305925710506
2024-05-16,-0.0080813864938233,-0.0260948941200754
2024-05-17,0.0018940282259916,-0.0239809249487983
2024-05-20,-0.0026772521547231,0.0167606388878148
2024-05-21,-0.0227171548689553,-0.0319323277173668
2024-05-22,-0.0121843869419389,-0.0082353752502653
2024-05-23,-0.0041886014277545,0.0174583390018821
2024-05-24,0.0116521799491003,0.0140479941029905
2024-05-27,0.0019475637721266,0.0067671849754958
2024-05-28,-0.0101437882637604,0.0061419402152783
2024-05-29,-0.0131445310523104,0.0040295295241901
2024-05-30,0.0144337100254259,0.0116531557896238
2024-05-31,-0.0019145567075437,0.0045510768388305
2024-06-03,-0.034138220441208,-0.0161841287433926
2024-06-04,-0.0011602479740776,-0.0014395463947566
2024-06-05,-0.0030565179151806,0.004118701581153
2024-06-06,-0.0134824822798138,-0.010129915332636
2024-06-07,0.0010106658089698,0.0022286277250102
2024-06-10,0.0021430324074208,0.0161167992247554
2024-06-11,-0.0128324146364097,-0.0052089603902095
2024-06-12,0.0156791563834188,-0.0153974277467827
2024-06-13,0.0023557601693606,-0.0069706993820664
2024-06-14,-0.0042485246136772,-0.0154974177622181
2024-06-17,-0.0018346085884053,0.0251879362980048
2024-06-18,-0.0149731643341265,-0.0257158206868357
2024-06-19,-0.015423214841962,0.0154082127963295
2024-06-20,-0.0053480764662554,-0.0035951884879643
2024-06-21,-0.0046333952932748,-0.0162943827501289
2024-06-24,-0.0026218077593732,0.0335314231044791
2024-06-25,0.016904851051691,-0.0020642545994847
2024-06-26,0.0079708892367402,-0.0071186437395993
2024-06-27,0.0079708892367402,0.0018773907856329
2024-06-28,0.0141211141597226,0.023399140978733
2024-07-01,-0.0054383829906348,-0.0056659976782308
2024-07-02,0.0091971866438974,0.0110921862345186
2024-07-03,-0.0045236496555645,-0.0258682276800619
2024-07-04,0.0015665023297041,0.0163372841007133
2024-07-05,0.0015665023297041,0.000604250200467
2024-07-08,0.0041785003416043,0.0132055613174596
2024-07-09,0.010663705996628,0.0132055613174596
2024-07-10,-0.0192035128019793,-0.0191652784183285
2024-07-11,0.010869527810324,-0.0012426827179076
2024-07-12,-0.0081285198862917,-0.0309213977549979
2024-07-15,0.0212317706546112,0.0245172361531643
2024-07-16,0.0094387517752971,0.0194705535254646
2024-07-17,0.0071205003385208,0.0007612178914393
2024-07-18,-0.0017651692494664,-0.0071883365364051
2024-07-19,0.03181688905298,0.0270132585198572
2024-07-22,-0.0053656052962172,0.0034118674075343
2024-07-23,-0.0119304270142758,0.0143188231650552
2024-07-24,-0.0077328291496856,0.002500040107207
2024-07-25,0.0129917315569176,0.0132727876866475
2024-07-26,0.0013336399018356,0.0009345290647762
2024-07-29,0.0013336399018356,-0.0085465073891544
2024-07-30,-0.0051938011572364,0.018004782559031
2024-07-31,-0.0011024395922218,-0.0119092798665542
2024-08-01,-0.0059955711623381,0.0121052563253082
2024-08-02,0.0083072795979737,0.0129706070603338
2024-08-05,-0.0028902543869174,0.0038037632889594
2024-08-06,-0.0075227334994077,-0.0082431239918661
2024-08-07,0.0118376538487009,0.0195746712252466
2024-08-08,-0.0115829181514096,-0.0191939037225814
2024-08-09,0.0015044258337609,0.025546423504192
2024-08-12,0.0015044258337609,-0.0097151209789531
2024-08-13,-0.0163125199788777,-0.018871123035706
2024-08-14,-0.0041731410167708,-0.0085322999427698
2024-08-15,-0.0062055512759105,-0.0036403529941299
2024-08-16,-0.0062230667995669,-0.0246500993614716
2024-08-19,0.0095584353502733,0.0164724427063168
2024-08-20,0.010318091720272,-0.0158438633806081
2024-08-21,0.0037870178310098,0.0119109054313199
2024-08-22,-0.012174424821275,-0.0071935833316688
2024-08-23,-0.0011951997437243,0.0255843704044325
2024-08-26,0.0232939524441508,-0.0098247130918836
2024-08-27,0.0301271240687358,0.0049791111894474
2024-08-28,0.0119680795319291,0.0210277662704613
2024-08-29,-0.0117482827221016,-2.0934030898874903e-05
2024-08-30,-0.0010904049311927,0.007246277409539
2024-09-02,-0.0010904049311927,0.0188546857272082
2024-09-03,0.0011047945177527,0.0188546857272082
2024-09-04,0.0133527707966861,0.0188546857272082
2024-09-05,0.0089817607318506,-0.004126861570209
2024-09-06,-0.0123431533767816,-0.0155377653895255
2024-09-07,-0.0123431533767816,-0.0035446130656499
2024-09-09,-0.007249856628167,0.0068636603720147
2024-09-10,-0.007249856628167,0.0017923094144075
2024-09-11,0.0173710282258922,0.0299559328593917
2024-09-12,0.0031207869968064,-0.0098910929393014
2024-09-13,0.0191045197932264,-0.0098910929393014
2024-09-16,0.0017139823571716,-0.0038440423501696
2024-09-17,-0.0104774839155663,-0.0272910815210704
2024-09-18,0.0077944198826874,-0.0065369402484174
2024-09-19,0.0369143747479618,0.0066103092955532
2024-09-20,-0.0148885896997764,-0.001664058779212
2024-09-23,0.0185517617476075,0.0120339435766654
2024-09-24,0.0070669090422472,-0.0221213023544961
2024-09-25,-0.0079301385483012,-0.020118395180016
2024-09-26,-0.0225405501993745,-0.0118728630900096
2024-09-27,-0.0267139314593252,-0.0349404989234079
2024-09-30,-0.006246325528161,-0.0156455871385003
2024-10-01,0.0049569020264848,0.0073204106111473
2024-10-02,0.0109255849512254,0.0172857534925079
2024-10-03,0.0109255849512254,0.0082864411075947
2024-10-04,0.0038416028098,0.0095937031590735
2024-10-05,0.004585848140462,0.0095937031590735
2024-10-07,0.0018998803686923,0.0095937031590735
2024-10-08,-0.0037893104120772,-0.0139752341683335
2024-10-09,0.0052594019589179,0.0049105127094146
2024-10-10,-0.0077580850076411,-0.0141373075492382
2024-10-11,-0.0143247847333934,0.005371261456195
2024-10-12,0.027795968835378,0.0153754670645719
2024-10-14,0.0011434120343814,-0.0116620336547561
2024-10-15,0.0099025729952242,-0.0020864048548318
2024-10-16,-0.0166780075241467,0.0045648861294991
2024-10-17,-0.0062451638747933,-0.0096096353434292
2024-10-18,0.0006941602441901,0.0167223329874387
2024-10-21,0.0004404474903957,-0.0168892648562706
2024-10-22,0.0067265240493461,-0.0029138403325518
2024-10-23,0.0228550876583535,0.0136770534955281
2024-10-24,-0.0266204259747839,-0.0108860615899469
2024-10-25,0.0235351735071227,0.0366185731928308
2024-10-28,0.0221714514650787,-0.0012879285573019
2024-10-29,0.0111458287517213,-0.003648690597297
2024-10-30,0.002891472793003,-0.0164736422120195
2024-10-31,0.002891472793003,-0.014202603282403
2024-11-01,0.006013441270981,0.0180106386596696
2024-11-03,0.006013441270981,0.0146741983850761
2024-11-04,0.0035218367519698,-0.0172023361499818
2024-11-05,-0.0035396732073966,-0.012804657118119
2024-11-06,0.0106361090803338,-0.012804657118119
2024-11-07,0.0128766270323705,-0.0030849438895493
2024-11-08,-0.0326743974674737,-0.0448717973698
2024-11-11,0.0172595237369865,0.0046024003439967
2024-11-12,-0.0088086954191813,0.018165863519075
2024-11-13,0.0153819193458599,0.0095584861164279
2024-11-14,-0.0033208370927676,-0.0039000247386829
2024-11-15,0.0029259535806495,0.0245977787328356
2024-11-18,0.0052696090908467,0.0135155999864206
2024-11-19,0.014231241308842,-0.0081941203184274
2024-11-20,0.0092583427096885,0.0013260726767551
2024-11-21,-0.0299931423492731,-0.0484241441426922
2024-11-22,-0.0120174113382242,0.0003599133922489
2024-11-25,0.0015655947840835,0.0035536726159622
2024-11-26,0.0236113217922403,-0.00398653916292
2024-11-27,-0.0001292002502046,0.0042523936902188
2024-11-28,-0.00863527739846,-0.0047964209634191
2024-11-29,-0.0189993920090121,0.0087257489843975
2024-12-01,0.0112330841197638,0.0087257489843975
2024-12-02,-0.0079793746303652,0.0242179488814174
2024-12-03,-0.0001896918870094,0.0145554839069128
2024-12-04,-0.0001896918870094,0.004089565911031
2024-12-05,-0.006808351998664,-0.0024029140711206
2024-12-06,0.0040159843329685,-0.0088162532873076
2024-12-08,-0.0227867819736279,-0.0088162532873076
2024-12-09,-0.0013005329903186,-0.009517691134137
2024-12-11,0.0187427858203587,0.008430530253784
2024-12-12,0.0033114516984188,-0.016913382540896
2024-12-13,-0.0051648711024143,-0.000110707096217
2024-12-16,0.0192320459715184,0.0146910189297508
2024-12-17,0.0168046443343159,0.0192178168632242
2024-12-18,0.0197288160735762,0.0109736674681068
2024-12-19,0.0288826725278216,0.0103740408018361
2024-12-20,-0.008997542010372,-0.022708313171034
2024-12-23,0.0281722960586968,0.0285920189416564
2024-12-24,-0.0038094488005637,0.0155409376655721
2024-12-25,0.0084523062214133,0.0331443113273821
2024-12-26,-0.0183739939928789,-0.0148359828609398
2024-12-27,-0.0053502566073139,-0.0314310337802531
2024-12-30,0.0129239264573563,0.0038708063464269
2024-12-31,0.0090755744598387,0.0391428442052466
2025-01-01,-0.0040389243019313,-0.0084609808135676
2025-01-02,-0.0040389243019313,0.0150606232546089
2025-01-03,-0.0066005563037217,-0.0129958013555349
2025-01-06,0.0128862712428963,0.013121934397316
2025-01-07,-0.0243367391560578,-0.0321310013809564
2025-01-08,0.0182148303659265,0.0166518331610165
2025-01-09,-0.0089463511724469,-0.0078227017427365
2025-01-10,0.00035884007362,-0.0078227017427365
2025-01-13,-0.0160991607383054,-0.0216953619488073
2025-01-14,0.0034754690583606,0.0006387993365148
2025-01-15,0.0070623101916405,-0.0133503773153294
2025-01-16,0.0044855441152558,0.018268371945099
2025-01-17,0.0060418225657914,0.0055927856345035
2025-01-20,-0.0009506032307916,-0.0125190966357294
2025-01-21,-0.0006639831092774,0.0175808628942866
2025-01-22,-0.0012283420792015,-0.0134709311806158
2025-01-23,-0.0057069650651846,-0.0005743382272301
2025-01-24,-0.0042821679661701,0.0043449342538706
2025-01-27,0.0064741251289883,0.0165666729172886
2025-01-28,0.0172827136671803,0.0245789126416696
2025-01-29,-0.0110108687697755,-0.0195366342409976
2025-01-30,-0.0007092577175178,-0.0068921542675612
2025-01-31,-0.0134599207235313,-0.0144070465892298
2025-02-01,0.0016239700366879,-0.0144070465892298
2025-02-03,-0.0054941552034284,-0.0129161605812873
2025-02-04,-0.00358947383386,0.0146645598591776
2025-02-05,0.0025908564949908,0.0368528512948007
2025-02-06,0.0025908564949908,-0.0028169333638068
2025-02-07,0.0002495945918583,0.0037946313290671
2025-02-10,0.0054230474860527,0.0037946313290671
2025-02-11,-0.0099438455797308,0.0062881352120187
2025-02-12,0.0026930071713694,-0.0208527580455251
2025-02-13,0.0094483853851371,0.0237614158191855
2025-02-14,-0.0100861168453291,-0.0061993212933399
2025-02-17,-0.0205042511440924,-0.0303089525054087
2025-02-18,0.012776354931407,0.0009814408248263
2025-02-19,-0.0131056356992564,-0.0046047468964138
2025-02-20,-0.0060689491771722,-0.0103886844614077
2025-02-21,0.0090719123080988,-0.0111762296198593
2025-02-24,-0.0106643825521819,-0.0042170642074819
2025-02-25,0.0118329174889784,0.0247711505712491
2025-02-26,-0.0077807406443394,0.0087052259851517
2025-02-27,-0.0092097075216449,0.0205478889934012
2025-02-28,-0.0134052523050367,0.0109187608204291
2025-03-03,-0.0076778332818246,0.0241394851882321
2025-03-04,0.0072958487462298,-0.0101597991216656
2025-03-05,-0.00606686175451,0.0075017569132821
2025-03-06,0.0128317330113867,0.0066686231237621
2025-03-07,0.0007358993715615,0.0112572342293805
2025-03-10,0.0017815811241298,-0.017433239731723
2025-03-11,0.0119431143639795,-0.0023939118081542
2025-03-12,0.0119431143639795,0.0319413685846036
2025-03-13,0.0095543530492574,0.009817553480528
2025-03-14,0.0091857666317897,-0.004035380793539
2025-03-17,-0.0016387715230985,-0.0127788191888664
2025-03-18,-0.0147849113284925,-0.0041250461271006
2025-03-19,0.0024261596790169,0.0112611886804624
2025-03-20,0.0067533419707093,0.0074990173903169
2025-03-21,0.0068793999881306,0.0034977644129445
2025-03-24,0.0051546967426688,-0.0073026649405408
2025-03-25,0.0046364711076695,0.0123125399383685
2025-03-26,-0.0078361771368664,-0.0039811055706817
2025-03-27,-0.0072832301155523,-0.011912906299319
2025-03-28,-0.0132991522612258,0.0100864790807773
2025-03-31,0.0129882220966405,0.0154520337097453
2025-04-01,0.0238663514233257,0.0115957818789293
2025-04-02,0.0365811489813276,0.0186776451485401
2025-04-03,0.0032623202210721,-0.0037462404383459
2025-04-04,0.0046679067207236,0.0147203918974813
2025-04-07,-0.001166996716637,0.0246663868926757
2025-04-08,0.0030697914156015,0.0056866936253566
2025-04-09,-0.0107079723341646,-0.0004650774196358
2025-04-10,-0.0014083266497123,-0.0095558031349188
2025-04-11,-0.0014083266497123,0.0326847601054619
2025-04-12,0.0030974259152291,0.0326847601054619
2025-04-14,-0.0029617270021484,-0.0226151095603184
2025-04-15,-0.0081786575167908,-0.0056640193608041
2025-04-16,0.0067600043913978,0.0119631888124592
2025-04-17,0.0083193746213183,-0.0042424339119578
2025-04-18,0.0042852853220185,-0.0099663666836925
2025-04-21,-0.0072357157961681,-0.0174740745878637
2025-04-22,-0.0140606662551792,0.0067495116392942
2025-04-23,0.0084633404117466,0.0190130452717726
2025-04-24,0.0006717567922915,0.0114824373843457
2025-04-25,-0.0209354728557105,-0.0002490949285199
2025-04-28,0.0023254379600603,0.0103356912565466
2025-04-29,0.0047602795885833,-0.0112673272602306
2025-04-30,-0.0177764773046925,-0.0208600416322556
2025-05-01,0.0069790073752749,0.0140277458538761
2025-05-02,-0.0162153073285823,-0.0237675804038153
2025-05-05,-0.00847882823129,-0.0102126348852569
2025-05-06,-0.0161446099702318,-0.030025691323182
2025-05-07,-0.0096620235568906,-0.0045847799145338
2025-05-08,-0.0139671320770418,-0.0100549327049622
2025-05-09,0.0129026337937017,-0.0108788433685402
2025-05-12,-0.0022773491009264,0.013255782941715
2025-05-13,-0.0048192206843657,-0.0111083870515796
2025-05-14,0.0141619497716776,0.0041020146611797
2025-05-15,0.0134539403024668,0.0141816176754389
2025-05-16,-0.003914135834918,0.0044855559610412
2025-05-19,0.0040453941661524,0.0044855559610412
2025-05-20,-0.0063801464543802,-0.0032593167642413
2025-05-21,-0.0005381881552556,0.0097182774655125
2025-05-22,-0.0121021503333301,0.0072497425012847
2025-05-23,0.0057959452660449,-0.0153592599686327
2025-05-26,0.014699153905766,0.0407212349934359
2025-05-27,0.0122220076345928,0.0277026148951077
2025-05-28,0.001224456579231,-0.0230256674533773
2025-05-29,-0.0219294454140103,-0.0095329384638431
2025-05-30,-0.0069037456927597,-0.0172301311316352
2025-06-02,0.0022460982322357,0.0084439877167436
2025-06-03,-0.0172330905611457,-0.0167736228582782
2025-06-04,0.0183184481974437,-0.0043931427354546
2025-06-05,0.0106371342459794,-0.0005637740370175
2025-06-06,0.0067495251181994,-0.0005637740370175
2025-06-09,0.0090953812038202,0.0184277164951934
2025-06-10,-0.0136191224008954,0.0077210052577763
2025-06-11,-0.0100323173756178,-0.0023309390995482
2025-06-12,0.0032989542439667,0.008891025310106
2025-06-13,0.0042434801127222,-0.0095306544250877
2025-06-16,-0.0159984089475485,0.0028454711290747
2025-06-17,0.0024300149302269,0.0178608303885652
2025-06-18,-0.0003367952102544,-0.0202997075024268
2025-06-19,0.0117935561720492,-0.0202997075024268
2025-06-20,0.0043040414890522,-0.0066887712316844
2025-06-23,0.0199316205228042,-0.0005857863788274
2025-06-24,-0.003849157049274,-0.0007942180743056
2025-06-25,-0.0129061879250434,-0.0030410987229387
2025-06-26,0.0195429257296098,0.0046978080036216
2025-06-27,0.0049417138283807,-0.0363401606596117
2025-06-30,-0.000267150405818,-0.0046531814474367
2025-07-01,-0.0096219712289246,-0.0046531814474367
2025-07-02,-0.0037149241794859,-0.0047848339291268
2025-07-03,-0.0043263144974688,-0.0300041296283168
2025-07-04,-0.0133838372809235,0.0056822404651326
2025-07-07,-0.0251194077625596,-0.0260411084866903
2025-07-08,-0.0251194077625596,-0.0260411084866903
2025-07-09,0.0094232451859564,-0.0023271599388046
2025-07-10,0.0158541643653866,-0.0023271599388046
2025-07-11,0.012309197644808,-0.0120507403461468
2025-07-14,0.0130790939814698,0.0020244333082176
2025-07-15,-0.0121420508912952,-0.0104078776868971
2025-07-16,0.0035281301566425,-0.0049723135218276
2025-07-17,0.0068474420719438,-0.0042416177246343
2025-07-18,0.0076444687271762,0.0108853521009206
2025-07-21,-0.0005310766564952,-0.0066453181315532
2025-07-22,0.0020184895491831,0.0090533706096817
2025-07-23,0.0249415898327793,0.0283678220883403
2025-07-24,0.01191187939779,0.0512572009570335
2025-07-25,0.0063915017212141,0.0107397089460804
2025-07-28,0.0086481808918598,-0.0092476583286306
2025-07-29,-0.005126819637025,-0.0103284695231238
2025-07-30,0.0079713677266347,0.0022741349141611
2025-07-31,0.0018586811056916,0.0166332571119209
2025-08-01,0.0105578088644496,0.0040039417401903
2025-08-04,-0.0078399411625386,0.0114973593521953
2025-08-05,0.0094866941709183,-0.0172789147832154
2025-08-06,-0.0035578472668993,0.0002102521817928
2025-08-07,-0.0045966406754771,0.0187115199297718
2025-08-08,0.0036068720141056,0.0105064073241729
2025-08-11,0.0009696416285378,-0.0090665158126864
2025-08-12,-0.002935172692495,-0.0015097488640975
2025-08-13,-0.000216151000223,-0.027091617738604
2025-08-14,-0.0045698000191531,-0.0019587879609381
2025-08-15,-0.0031764399028684,-0.0054525951007459
2025-08-18,0.006055896449655,-0.0118030953722787
2025-08-19,-0.0193365065674145,-0.0165967129835956
2025-08-20,0.0093693728660214,0.0297141525563445
2025-08-21,0.0095855388691368,-0.0152479000992735
2025-08-22,-0.0025884068725212,0.0020938651643918
2025-08-25,0.0023310934030831,0.0090844858915425
2025-08-26,-0.0108045873575291,-0.005574815908421
2025-08-27,0.0052438739573135,0.0149238881874002
2025-08-28,-0.0094686179993535,-0.0106329298139077
2025-08-29,-0.03224581216088,-0.0282472198225703
2025-09-01,-0.03224581216088,-0.0182440765094434
2025-09-02,0.0021873458027918,0.000493033588286
2025-09-03,-0.0269105665309313,-0.0130870635919819
2025-09-04,-0.0109398895694683,0.0003558120086072
2025-09-05,-0.0151822149727439,-0.0087005818517411
2025-09-08,-0.003197959946638,0.0023920822452534
2025-09-09,0.0016963673318161,-0.0026480819129213
2025-09-10,-0.0182352677685309,-0.0320681829492234
2025-09-11,-0.0068066432691066,-0.0042222927259599
2025-09-12,-0.0070989753663894,0.0046539284908583
2025-09-15,-0.0031506510305402,-0.015698933324595
2025-09-16,-0.0031371555158549,0.0013248952225281
2025-09-17,0.004098616625895,0.0292783092065489
2025-09-18,-0.007826912080041,-0.0057660439357292
2025-09-19,0.0053134873618331,0.0028334144745665
2025-09-22,-0.0058074177518638,-0.0256409450107136
2025-09-23,-0.0059300147086361,-0.0189195594508154
2025-09-24,-0.0205192801734853,-0.0237005909233062
2025-09-25,-0.0123651006491974,0.0009023484897866
2025-09-26,0.0074131020489715,-0.0084871790241509
2025-09-29,-0.0029227435667574,-0.0283250662894702
2025-09-30,-0.0057320794021923,0.0022415880426082
2025-10-01,0.0100992546753692,0.0022415880426082
2025-10-02,0.0128222583263302,0.0329068287225315
2025-10-03,-0.0147715335897255,0.0012570528124232
2025-10-06,0.0202534547427589,0.0191824545318301
2025-10-07,-0.0002841086384081,-0.0315562534880117
2025-10-08,-0.0240693646725217,-0.0126125562157682
2025-10-09,-0.004096752034854,-0.0182787295370303
2025-10-10,0.0009863909699606,0.0022168841621003
2025-10-13,0.0115329904224832,0.0088516300839709
2025-10-14,0.0149407324200126,0.0090586617985099
2025-10-15,-0.001184019937688,0.0144769668170058
2025-10-16,-0.0115412905604972,0.0332693367395766
2025-10-17,0.0047030897380008,0.0082433162004593
2025-10-20,0.0065011516876711,0.0307020745974908
2025-10-21,0.0097100889400712,-0.0171277197812883
2025-10-22,0.01704164461721,0.005334100694525
2025-10-23,0.0014858608740718,-0.0174070486950317
2025-10-24,0.0065144242174867,-0.0054184789256139
2025-10-27,0.0014020356559216,-0.0032381149940799
2025-10-28,0.0233001536208302,0.0422835329952582
2025-10-29,0.0007581580425768,0.001349037595695
2025-10-30,0.0007581580425768,0.01321433384698
2025-10-31,-0.0037470384440005,-0.0082884825469407
2025-11-03,-0.0095556882956821,-0.0005455947933683
2025-11-04,-0.0091176928977803,-0.0227663271628853
2025-11-05,0.008650284141478,0.0329021640544153
2025-11-06,0.0088547044735975,0.0261796770562837
2025-11-07,-0.0099532256341279,-0.0026152260671159
2025-11-10,-0.0111179190924326,-0.0099451696321556
2025-11-11,0.00946653772823,0.0071147820767182
2025-11-12,-0.0167516922712146,-0.0288607520326152
2025-11-13,-0.0163739671778892,-0.0028222811670172
2025-11-14,0.02496673442788,0.0344274665263715
2025-11-17,-0.0225518223897527,0.0067538888298861
2025-11-18,0.0114368050041757,-0.0152378686352202
2025-11-19,-0.0034384194005259,0.0135702730969704
2025-11-20,0.0068052021312174,-0.0146418269286043
2025-11-21,0.0075289058695543,-0.02604424157547
2025-11-24,-0.0024738661090865,0.014755326564962
2025-11-25,0.0004207305868558,-0.0068966093161277
2025-11-26,0.0108721550452681,0.0204309923053309
2025-11-27,0.0159204763144034,0.0220252898754972
2025-11-28,0.0131764975272457,0.0183580308359786
2025-12-01,0.0033863437893976,0.0032907517570993
2025-12-02,-0.0026471166291688,0.0032907517570993
2025-12-03,0.0147857889979723,-0.0108077946280547
2025-12-04,0.0147857889979723,0.0224254442272963
2025-12-05,-0.0003015667345061,0.0141371876711961
2025-12-08,0.0131517878771854,0.004564055137615
2025-12-09,0.0073362825364422,0.004564055137615
2025-12-10,0.0160656307289417,0.0187045985583545
2025-12-11,-0.0140858050562602,-0.0061635450064645
2025-12-12,0.0199773459418865,0.0093768957427672
2025-12-15,0.0055725803611408,0.0093768957427672
2025-12-16,-0.0122394747899752,-6.645636358225384e-05
2025-12-17,-0.0165260218244155,-0.0188748161617998
2025-12-18,0.0131086756099303,0.0129427022365528
2025-12-19,-0.0034537336929583,0.0042869988347061
2025-12-22,-0.0005211069730615,-0.0001529367953729
2025-12-23,0.0080818223206416,-0.0055638692056302
2025-12-24,0.0080818223206416,-0.0055638692056302
2025-12-25,-0.018827240495203,-0.0244682366798634
2025-12-26,0.0190184773647659,0.0168881889098849
2025-12-29,-0.0156830596168166,-0.031439122848693
2025-12-30,-0.001145966801327,0.0215993663794978
2025-12-31,-0.0020410976176522,0.0174303481898697
