date,industry,index_return
2023-01-02,Ind. A,-0.0008633673430380077
03/01/2023,Industry A,0.009758528366239964
2023-01-04,Industry A,-0.003480367453911246
2023-01-05,Industry A,0.02055904019565021
2023-01-06,IndustryA,0.009438282716664257
2023-01-09,Industry A,0.0028072778987434876
10/01/2023,Industry A,0.0060640222936076855
2023-01-11,Industry A,-0.006525393625636907
2023-01-12,Industry A,-0.0028247537848402754
2023-01-13,Industry A,-0.003278507385698438
2023-01-16,Industry A,-0.009006604822367684
17/01/2023,Industry A,-0.016122921251106093
2023-01-18,Ind. A,0.006743879143604724
2023-01-19,Ind. A,0.011782045912743991
2023-01-20,Industry A,0.00490413124838908
2023-01-23,Industry A,-0.0008984802330184945
2023-01-24,Industry A,0.026769831389502934
2023-01-25,Industry A,-0.007790532533445236
2023-01-26,industry a,0.0032222529835400616
2023-01-27,Industry A,0.013672139054764864
2023-01-30,IndustryA,-0.013131173142588647
2023-01-31,Industry A,0.007708106859153847
2023-02-01,Industry A,
2023-02-02,IndustryA,7.764661249944643e-05
2023-02-03,industry a,0.002111573405955687
2023-02-06,Industry A,-0.007723601392263868
2023-02-07,Ind. A,0.0059192356078877585
2023-02-08,industry a,-0.009279836246411235
2023-02-09,Industry A,-0.0006375854291456546
2023-02-10,Industry A,-0.01746174821589023
2023-02-13,Industry A,-0.031022659780620267
2023-02-14,IndustryA,-0.005536996693045894
2023-02-15,Industry A,-0.005721618509846509
2023-02-16,Industry A,-0.0045629660948535
17/02/2023,IndustryA,0.009042038371040615
2023-02-20,Industry A,0.01215865861398085
2023-02-21,IndustryA,0.0037351141107005493
2023-02-22,Industry A,0.00812044990148402
2023-02-23,industry a,-0.008961271807727926
2023-02-24,Ind. A,-0.011732021301941432
2023-02-27,Industry A,0.006175075211232543
2023-02-28,Industry A,-0.013275484589285558
2023-03-01,industry a,-0.014496457331806484
2023-03-02,IndustryA,0.03448926107767838
2023-03-03,Industry A,
2023-03-06,Industry A,-0.021522559853041797
2023-03-07,Industry A,-0.012914742893184993
2023-03-08,IndustryA,0.02086831930394779
2023-03-09,Industry A,0.004756250967367804
2023-03-10,IndustryA,-0.001874452989321236
2023-03-13,Ind. A,-0.00018804542434258526
2023-03-14,Industry A,-0.00215205157414019
2023-03-15,Industry A,-0.016682969987222344
2023-03-16,Industry A,-0.002938742812796822
2023-03-17,Industry A,-0.01523356044050549
2023-03-20,Industry A,0.0008450307558860243
2023-03-21,Industry A,-0.010781495913754014
2023-03-22,Industry A,0.004844704752748927
2023-03-23,Industry A,0.0021013766059968194
2023-03-24,Industry A,0.00952487550789078
2023-03-27,Industry A,-0.00541571575989151
2023-03-28,IndustryA,0.005813837394915885
2023-03-29,industry a,0.007752848073226405
2023-03-30,Industry A,0.010025167404169304
2023-03-31,Ind. A,0.009616264593580238
2023-04-03,Industry A,-0.009454319562697763
2023-04-04,Industry A,0.01872191427217464
2023-04-05,Ind. A,-0.02037383074595346
2023-04-06,industry a,0.009462491508437941
2023-04-07,Industry A,-0.005944737031829525
2023-04-10,Industry A,-0.012367445756605725
2023-04-11,Industry A,0.0027366377005792106
2023-04-12,Industry A,0.006156116412088778
2023-04-13,industry a,0.0025829434481782023
14/04/2023,Industry A,-0.0029105111117809983
2023-04-17,industry a,0.0014904101606436132
2023-04-18,Industry A,0.00947047769099313
19/04/2023,Industry A,0.0007306040348021972
2023-04-20,Industry A,0.0010120550967525146
2023-04-21,Industry A,0.0025181789577583807
2023-04-24,industry a,-0.0060852733424948255
2023-04-25,industry a,0.013021544806931578
2023-04-26,Industry A,0.028254141430065983
2023-04-27,Industry A,0.004089070667840564
2023-04-28,IndustryA,-0.004018296821719518
2023-05-01,Industry A,0.010355648747692757
2023-05-02,Industry A,0.015309378192016831
03/05/2023,industry a,-0.0037860223580680643
2023-05-04,Ind. A,0.004930851793304369
2023-05-05,Industry A,-0.008131165146976826
2023-05-08,Industry A,0.011438832270281456
2023-05-09,Industry A,0.0017283497078778277
2023-05-10,Industry A,0.008977908895291216
2023-05-11,Industry A,-0.012706867433716185
2023-05-12,Industry A,0.0074115114163987635
2023-05-15,Industry A,-0.00951344474916793
16/05/2023,Industry A,-0.00872633112514761
2023-05-17,Industry A,-0.011127442296664026
2023-05-18,Industry A,0.00780105849232819
2023-05-19,Industry A,0.015166537053709404
2023-05-22,Industry A,-0.020310713246921866
2023-05-23,Industry A,-0.007194101010094286
2023-05-24,Industry A,-0.01273099897124455
2023-05-25,Industry A,-0.014399244583472859
2023-05-26,Industry A,0.0008203798571433756
2023-05-29,Industry A,0.00629274141965903
2023-05-30,Industry A,-0.0042809072418865885
2023-05-31,Industry A,0.003013173397785173
2023-06-01,Industry A,-0.01182850894919461
2023-06-02,Industry A,0.00040801554981568795
2023-06-05,IndustryA,-0.005421108374793494
2023-06-06,Industry A,0.00678779448892293
2023-06-07,Industry A,-0.010972881855305238
08/06/2023,Industry A,0.000641665989163457
2023-06-09,Industry A,-0.022075738805373484
2023-06-12,Industry A,0.0003688649944820577
2023-06-13,Industry A,-0.009560684948160116
2023-06-14,Ind. A,-0.0019223103228735525
15/06/2023,Industry A,0.007457498990606815
2023-06-16,IndustryA,-0.003332172682326998
2023-06-19,Industry A,0.005451868082411674
2023-06-20,Industry A,
2023-06-21,Industry A,0.011955024093871678
2023-06-22,IndustryA,0.021539850880637867
2023-06-23,Ind. A,0.0003667785119901343
2023-06-26,Industry A,-0.000976882822390091
2023-06-27,Industry A,-0.01762674403877286
28/06/2023,industry a,-0.00902026791457495
2023-06-29,Industry A,-0.00932852250038624
2023-06-30,IndustryA,0.0030115803245227726
2023-07-03,Industry A,0.007151383655851195
04/07/2023,Industry A,0.003527474374530162
2023-07-05,IndustryA,-0.012730735946407903
2023-07-06,industry a,0.019193953361280002
2023-07-07,Industry A,-0.012327328857623705
2023-07-10,Industry A,-0.0008823089605286602
2023-07-11,Industry A,-0.0034596786245572
2023-07-12,Industry A,-0.00947192330598157
2023-07-13,Industry A,0.011511123450797509
2023-07-14,IndustryA,-0.00724622344778394
2023-07-17,IndustryA,-0.008735480277262758
2023-07-18,Industry A,0.01418806507860583
2023-07-19,Ind. A,-0.0008142385781376814
20/07/2023,Industry A,-0.02837520808146305
2023-07-21,Industry A,-0.013989406866477249
2023-07-24,industry a,0.003160197795328929
2023-07-25,IndustryA,0.0068110925707224835
2023-07-26,industry a,-0.009217350965871896
27/07/2023,Industry A,-0.0021397586334374434
2023-07-28,Industry A,0.009672398668036465
2023-07-31,Industry A,-0.0023712993106535826
2023-08-01,Industry A,-0.005265774986257808
2023-08-02,Industry A,-0.012885367030605731
2023-08-03,Industry A,0.011100719567207654
2023-08-04,Industry A,-0.03656535839574875
2023-08-07,Industry A,0.02283426990267298
2023-08-08,Industry A,-0.023609718677547954
2023-08-09,Industry A,0.00036026709852407426
2023-08-10,Industry A,0.0035235041026323837
2023-08-11,Industry A,0.004556110972574199
2023-08-14,industry a,0.02752916538267318
2023-08-15,Industry A,-0.01876407181414642
2023-08-16,Industry A,0.013897769217238613
2023-08-17,industry a,-0.004919259796709195
2023-08-18,Industry A,0.011332908794614464
2023-08-21,Industry A,-0.008800020834982138
2023-08-22,IndustryA,-0.003473428581519447
2023-08-23,Industry A,-0.010480248997163237
2023-08-24,Industry A,-0.00501639368467761
2023-08-25,Industry A,-0.005718662146070929
2023-08-28,Ind. A,0.00036050975259035095
2023-08-29,Industry A,0.0033370449527596203
2023-08-30,Industry A,0.0035508986472027474
2023-08-31,IndustryA,0.0008712722015888087
2023-09-01,Industry A,0.0045959952038005245
2023-09-04,industry a,0.005059787827096121
2023-09-05,Ind. A,-0.0030447633051453042
2023-09-06,Industry A,0.015293347410433315
2023-09-07,Industry A,0.00034059701263238303
2023-09-08,Industry A,0.006400433823781595
2023-09-11,Industry A,0.01783924677129477
2023-09-12,Industry A,0.01219608823846387
2023-09-13,IndustryA,-0.018430089679600654
2023-09-14,industry a,-0.0002032412794737037
2023-09-15,IndustryA,0.0012159353687931653
2023-09-18,Industry A,0.010214306568428692
2023-09-19,Ind. A,0.010327242698640268
2023-09-20,industry a,-0.0020808600748089385
2023-09-21,Ind. A,-0.0020630335960721176
22/09/2023,Industry A,-0.011437604741380884
2023-09-25,Industry A,-0.008101236916027757
2023-09-26,Industry A,0.009193484184878765
2023-09-27,Industry A,0.007659215757451656
2023-09-28,Industry A,0.0025706753903300423
2023-09-29,Ind. A,-0.02603730374500681
2023-10-02,Industry A,0.0040878830752657325
2023-10-03,industry a,0.01905602979298841
2023-10-04,Industry A,-0.011776283119526533
2023-10-05,Industry A,0.005964011550576554
2023-10-06,Industry A,0.017961190444566993
2023-10-09,IndustryA,-0.004453455466591487
2023-10-10,Industry A,0.009666894600598875
2023-10-11,Industry A,-0.002661236211763632
2023-10-12,Industry A,0.019314945069473694
2023-10-13,Industry A,-0.02907099566287139
2023-10-16,Industry A,-0.008188262237247116
2023-10-17,industry a,-0.0008404564101054838
2023-10-18,Industry A,0.009684086981416448
2023-10-19,Industry A,-0.006004170699452323
2023-10-20,IndustryA,-0.0071690173041324195
2023-10-23,Industry A,0.008222664119080831
2023-10-24,Industry A,-0.00033994249171607604
2023-10-25,Industry A,0.008671636960385795
2023-10-26,Industry A,0.0039055913221779886
2023-10-27,Industry A,-0.013718071429203582
30/10/2023,Industry A,-0.001999570677127118
2023-10-31,Industry A,0.007264439338581808
2023-11-01,Industry A,0.011962290460061864
2023-11-02,Industry A,-0.008170686479155696
2023-11-03,Industry A,-0.019569955588569266
2023-11-06,industry a,-0.004055050567016298
2023-11-07,Industry A,-0.006228578473232802
2023-11-08,Industry A,0.01910813110604792
2023-11-09,Industry A,-0.017096209596808645
2023-11-10,Industry A,0.016481157889567558
2023-11-13,Industry A,-0.007385029873706931
14/11/2023,Industry A,-0.027725197563343726
2023-11-15,Industry A,-0.0031688008102085424
2023-11-16,Industry A,-0.0050287610580008755
2023-11-17,Industry A,0.013805471270768144
2023-11-20,Industry A,-0.006722181677779751
2023-11-21,IndustryA,0.02206466265611411
2023-11-22,Industry A,0.012530972846645862
2023-11-23,Industry A,0.0014296684052378808
2023-11-24,IndustryA,-0.011296139208414751
2023-11-27,Industry A,0.0035169723710450538
2023-11-28,Industry A,-0.0013568344382620383
2023-11-29,Industry A,0.007054088795492566
30/11/2023,IndustryA,0.009076310100955077
01/12/2023,Industry A,0.03144351558500492
04/12/2023,Industry A,
2023-12-05,Industry A,0.010029250026945661
2023-12-06,industry a,-0.004637952123160587
2023-12-07,Industry A,-0.009731010888815936
2023-12-08,industry a,0.0012751132084212159
2023-12-11,Industry A,-0.00705518339415449
2023-12-12,Industry A,-0.022799169610218533
2023-12-13,Industry A,-0.015558012618399246
2023-12-14,Industry A,-0.01406656184317126
2023-12-15,Industry A,-0.009089030619784597
2023-12-18,IndustryA,0.016070051978277468
2023-12-19,Industry A,0.0003935529833120465
2023-12-20,Industry A,-0.004998791879476255
2023-12-21,Industry A,0.007210028880227482
2023-12-22,IndustryA,0.0006377690673707778
2023-12-25,Ind. A,0.0027405654100471646
2023-12-26,Ind. A,-0.0031608235225705048
2023-12-27,Industry A,-0.010374861369232604
28/12/2023,Industry A,-0.00022989695999146568
29/12/2023,industry a,-0.0011718660160569716
2024-01-01,Industry A,0.010375504921564398
02/01/2024,industry a,0.00017299706595011132
2024-01-03,Industry A,-0.008221203355201389
04/01/2024,Industry A,-0.008943898285923884
2024-01-05,Industry A,0.026727690528718873
2024-01-08,Industry A,-0.026110521889688904
2024-01-09,Industry A,0.01498250161147164
2024-01-10,Industry A,
11/01/2024,industry a,0.0060134412709810636
12/01/2024,Industry A,0.011233084119763828
2024-01-15,Industry A,0.0045055530068750516
2024-01-16,Industry A,-0.003485524877029425
2024-01-17,IndustryA,0.02068121168502768
2024-01-18,Ind. A,0.009858566790348548
2024-01-19,Industry A,-0.006838187811039571
2024-01-22,Industry A,0.01743192821321257
2024-01-23,Industry A,-0.02033767791676551
2024-01-24,Industry A,0.021587525512456542
2024-01-25,Industry A,-0.02140574430081017
2024-01-26,Industry A,0.008388710117753512
2024-01-29,Industry A,-0.004257012832984824
30/01/2024,Ind. A,-0.006303800802714311
2024-01-31,Ind. A,0.006706343428691072
2024-02-01,Ind. A,0.0019461776640271444
2024-02-02,Industry A,0.01274768144251119
2024-02-05,Industry A,-0.019263101521962513
2024-02-06,Industry A,0.007774859936805773
2024-02-07,Industry A,0.005092740435416466
2024-02-08,Industry A,0.009649792452626304
2024-02-09,Industry A,-0.005645362729782138
2024-02-12,Industry A,0.024447676385309983
2024-02-13,Industry A,0.006197457251549586
2024-02-14,Industry A,-0.0010988000598756787
15/02/2024,Industry A,-0.024820339560158538
2024-02-16,Industry A,-0.004360456746306351
2024-02-19,Industry A,0.010274817089291026
2024-02-20,Industry A,0.018081492107558862
2024-02-21,Industry A,0.0007526976629253859
2024-02-22,Industry A,
2024-02-23,Industry A,-0.011098451226757613
2024-02-26,Industry A,0.005474193731497143
2024-02-27,Industry A,0.005832327915449289
2024-02-28,Industry A,0.007879233989609496
2024-02-29,IndustryA,0.002394976761544461
2024-03-01,Industry A,0.0047752566809717055
2024-03-04,Industry A,-0.011365302246812663
2024-03-05,Industry A,0.016668108114398218
2024-03-06,IndustryA,0.011815985654646375
2024-03-07,Industry A,0.004277702893885167
2024-03-08,Industry A,0.012132205617491822
2024-03-11,Industry A,0.017121943943623232
2024-03-12,Ind. A,0.007690211269634391
13/03/2024,Industry A,0.026103908128458007
2024-03-14,Industry A,0.008755969104141191
15/03/2024,Industry A,-0.009672424276949212
2024-03-18,Industry A,0.0036426934195112567
2024-03-19,industry a,0.01265947914780583
2024-03-20,Industry A,0.017135803830520543
2024-03-21,IndustryA,0.0026564802322463594
2024-03-22,Industry A,-0.010569915650255947
2024-03-25,Industry A,-0.002157981044777288
2024-03-26,Industry A,-0.015770527031361888
2024-03-27,industry a,0.010084651124525508
2024-03-28,industry a,-0.004506712155043398
2024-03-29,Ind. A,-0.007947751772223784
2024-04-01,Ind. A,0.011364534291474706
2024-04-02,Industry A,0.02008851344278996
2024-04-03,Ind. A,-0.007997101619022095
2024-04-04,Industry A,0.002737521828367006
2024-04-05,IndustryA,-0.001661597574167121
2024-04-08,industry a,0.017794433835508182
2024-04-09,Industry A,-0.00030920572094929864
2024-04-10,Industry A,-0.01163488132619917
2024-04-11,Industry A,0.0002638743254204059
2024-04-12,Industry A,0.014689100339734413
2024-04-15,Industry A,-0.0023674377263297403
2024-04-16,Industry A,-0.006822261387124139
2024-04-17,industry a,-0.0008548778484305768
2024-04-18,Industry A,-0.011282040554555759
2024-04-19,Industry A,-0.001677057749719583
2024-04-22,Industry A,-0.005963635128578922
2024-04-23,Ind. A,0.028912120676218896
2024-04-24,Industry A,-0.02257377399879732
2024-04-25,Industry A,-0.009721709264716882
2024-04-26,Ind. A,-0.006831018525419019
2024-04-29,Industry A,-0.011206434486228906
2024-04-30,IndustryA,0.0055977839186784105
2024-05-01,Industry A,-0.008201008355750666
2024-05-02,industry a,-0.01694578521071534
2024-05-03,Industry A,0.0016255584788348223
06/05/2024,Ind. A,-0.0030565179151806946
2024-05-07,Industry A,-0.007668921549187768
2024-05-08,Ind. A,0.017431737497621308
2024-05-09,Industry A,0.006022378777732484
10/05/2024,Ind. A,0.004585848140462056
2024-05-13,Industry A,0.006303914516217185
14/05/2024,Ind. A,
2024-05-15,industry a,-0.0024591540399772323
2024-05-16,IndustryA,-0.008081386493823351
2024-05-17,industry a,0.001894028225991682
2024-05-20,Ind. A,-0.0026772521547231013
2024-05-21,Industry A,-0.022717154868955373
2024-05-22,Industry A,-0.01218438694193893
2024-05-23,industry a,-0.004188601427754512
2024-05-24,Industry A,0.01165217994910037
2024-05-27,Industry A,0.0019475637721266179
2024-05-28,IndustryA,-0.010143788263760499
2024-05-29,Industry A,-0.013144531052310412
2024-05-30,industry a,0.014433710025425973
2024-05-31,IndustryA,-0.0019145567075437102
2024-06-03,Industry A,-0.03413822044120808
2024-06-04,Industry A,-0.0011602479740776843
05/06/2024,Industry A,0.008678390154773931
2024-06-06,Industry A,-0.013482482279813897
2024-06-07,Industry A,0.0010106658089698937
2024-06-10,industry a,0.0021430324074208167
2024-06-11,Industry A,-0.01283241463640977
2024-06-12,IndustryA,0.01567915638341889
2024-06-13,industry a,0.002355760169360643
2024-06-14,industry a,-0.00424852461367726
2024-06-17,Industry A,-0.001834608588405329
2024-06-18,Industry A,-0.014973164334126564
2024-06-19,Ind. A,-0.015423214841962055
2024-06-20,Industry A,-0.005348076466255444
2024-06-21,Industry A,-0.004633395293274877
2024-06-24,Industry A,-0.0026218077593732248
2024-06-25,IndustryA,0.01690485105169106
2024-06-26,Industry A,0.007970889236740228
2024-06-27,Ind. A,
2024-06-28,Industry A,0.014121114159722609
2024-07-01,Ind. A,-0.005438382990634873
2024-07-02,Ind. A,0.00919718664389748
2024-07-03,Industry A,-0.004523649655564532
2024-07-04,IndustryA,0.0015665023297041472
05/07/2024,Ind. A,-0.014171059468409885
2024-07-08,Industry A,0.004178500341604312
2024-07-09,industry a,0.010663705996628088
2024-07-10,Industry A,-0.019203512801979353
2024-07-11,Industry A,0.01086952781032409
2024-07-12,IndustryA,-0.008128519886291702
2024-07-15,Industry A,0.02123177065461127
2024-07-16,industry a,0.009438751775297174
2024-07-17,Industry A,0.00712050033852082
2024-07-18,IndustryA,-0.0017651692494664198
2024-07-19,Ind. A,0.03181688905298
2024-07-22,Industry A,-0.0053656052962172155
2024-07-23,Industry A,-0.01193042701427581
2024-07-24,Industry A,-0.0077328291496856815
2024-07-25,Industry A,0.012991731556917614
2024-07-26,Industry A,0.0013336399018356586
2024-07-29,Industry A,
2024-07-30,Industry A,-0.005193801157236451
2024-07-31,Industry A,-0.00110243959222188
2024-08-01,Industry A,-0.005995571162338103
2024-08-02,Industry A,0.008307279597973742
2024-08-05,Industry A,-0.0028902543869174977
2024-08-06,Industry A,-0.007522733499407777
2024-08-07,Ind. A,0.011837653848700946
2024-08-08,Industry A,-0.011582918151409638
2024-08-09,Industry A,0.0015044258337609162
12/08/2024,Industry A,-0.02278678197362793
2024-08-13,Industry A,-0.01631251997887778
2024-08-14,Industry A,-0.004173141016770897
2024-08-15,Industry A,-0.006205551275910502
2024-08-16,Industry A,-0.0062230667995669415
2024-08-19,Ind. A,0.009558435350273318
20/08/2024,Industry A,0.010318091720272028
2024-08-21,Industry A,0.00378701783100981
2024-08-22,IndustryA,-0.01217442482127502
2024-08-23,IndustryA,-0.001195199743724389
2024-08-26,IndustryA,0.023293952444150876
2024-08-27,Industry A,0.030127124068735873
2024-08-28,Industry A,0.01196807953192911
2024-08-29,Industry A,-0.011748282722101681
2024-08-30,Industry A,-0.0010904049311927675
02/09/2024,Industry A,0.0029680676285675084
2024-09-03,Industry A,0.0011047945177527472
2024-09-04,Industry A,0.013352770796686165
2024-09-05,Industry A,0.008981760731850655
2024-09-06,Industry A,-0.012343153376781688
2024-09-09,Industry A,-0.007249856628167064
2024-09-10,Industry A,
2024-09-11,Industry A,0.01737102822589223
2024-09-12,Industry A,0.003120786996806471
2024-09-13,Industry A,0.01910451979322648
2024-09-16,Ind. A,0.0017139823571716952
2024-09-17,Industry A,-0.01047748391556637
2024-09-18,Ind. A,0.0077944198826874565
2024-09-19,Industry A,0.03691437474796188
2024-09-20,Industry A,-0.01488858969977644
2024-09-23,Industry A,0.018551761747607542
2024-09-24,Industry A,0.007066909042247292
2024-09-25,Ind. A,-0.007930138548301201
26/09/2024,Industry A,-0.022540550199374575
2024-09-27,Industry A,-0.026713931459325203
2024-09-30,Industry A,-0.006246325528161017
2024-10-01,Ind. A,0.004956902026484812
2024-10-02,industry a,0.010925584951225482
03/10/2024,Industry A,0.01388975347233657
2024-10-04,Industry A,0.003841602809800037
2024-10-07,Industry A,0.0018998803686923087
2024-10-08,Ind. A,-0.0037893104120772423
2024-10-09,Industry A,0.005259401958917955
2024-10-10,Industry A,-0.007758085007641178
2024-10-11,IndustryA,-0.014324784733393462
2024-10-14,Industry A,0.0011434120343814507
15/10/2024,Industry A,0.009902572995224219
2024-10-16,Industry A,-0.016678007524146794
2024-10-17,Industry A,-0.006245163874793357
2024-10-18,Industry A,0.0006941602441901298
2024-10-21,Industry A,0.00044044749039574035
2024-10-22,industry a,0.006726524049346162
2024-10-23,Ind. A,0.022855087658353593
2024-10-24,Ind. A,-0.026620425974783996
2024-10-25,Industry A,0.02353517350712274
2024-10-28,Industry A,0.022171451465078783
2024-10-29,Ind. A,0.011145828751721347
30/10/2024,IndustryA,0.002891472793003094
2024-10-31,Industry A,
2024-11-01,Industry A,0.010982663361711395
2024-11-04,Industry A,0.0035218367519698496
2024-11-05,Industry A,-0.00353967320739664
2024-11-06,Industry A,0.010636109080333894
2024-11-07,Industry A,0.012876627032370597
2024-11-08,Industry A,-0.032674397467473755
2024-11-11,Industry A,0.0172595237369865
2024-11-12,Industry A,-0.00880869541918135
2024-11-13,Industry A,0.015381919345859923
2024-11-14,industry a,-0.0033208370927676864
2024-11-15,Industry A,0.002925953580649593
2024-11-18,Industry A,0.0052696090908467205
2024-11-19,Industry A,0.014231241308842056
2024-11-20,Industry A,0.009258342709688516
2024-11-21,Industry A,-0.029993142349273194
2024-11-22,Industry A,-0.012017411338224227
2024-11-25,Industry A,0.0015655947840835574
2024-11-26,Industry A,0.023611321792240302
2024-11-27,Industry A,-0.00012920025020468317
2024-11-28,IndustryA,-0.008635277398460026
2024-11-29,Industry A,-0.018999392009012142
2024-12-02,Industry A,-0.007979374630365205
2024-12-03,Industry A,-0.00018969188700946056
2024-12-04,Industry A,
2024-12-05,Industry A,-0.006808351998664094
2024-12-06,Industry A,0.004015984332968569
2024-12-09,Industry A,-0.0013005329903186104
10/12/2024,Industry A,0.027795968835378063
2024-12-11,Industry A,0.01874278582035871
2024-12-12,Ind. A,0.0033114516984188956
2024-12-13,Industry A,-0.005164871102414376
16/12/2024,Industry A,0.0192320459715184
2024-12-17,Industry A,0.01680464433431599
2024-12-18,Industry A,0.019728816073576228
2024-12-19,Industry A,0.02888267252782165
20/12/2024,Industry A,-0.008997542010372027
2024-12-23,Industry A,0.028172296058696842
24/12/2024,Industry A,-0.0038094488005637017
2024-12-25,Industry A,0.008452306221413384
2024-12-26,industry a,-0.018373993992878937
2024-12-27,Industry A,-0.005350256607313906
2024-12-30,Industry A,0.01292392645735633
2024-12-31,Industry A,0.009075574459838746
2025-01-01,Industry A,-0.0040389243019313
02/01/2025,Industry A,0.0016239700366879523
2025-01-03,Industry A,-0.006600556303721799
2025-01-06,industry a,0.012886271242896392
2025-01-07,Industry A,-0.02433673915605785
2025-01-08,Industry A,0.018214830365926523
2025-01-09,IndustryA,-0.008946351172446987
2025-01-10,industry a,0.0003588400736200425
2025-01-13,Industry A,-0.016099160738305474
2025-01-14,Industry A,0.0034754690583606663
15/01/2025,Industry A,0.007062310191640518
2025-01-16,IndustryA,0.004485544115255853
2025-01-17,Industry A,0.0060418225657914
2025-01-20,Industry A,-0.0009506032307916506
2025-01-21,Industry A,-0.0006639831092774617
2025-01-22,Industry A,-0.0012283420792015027
2025-01-23,industry a,-0.005706965065184636
2025-01-24,Industry A,-0.004282167966170164
2025-01-27,industry a,0.006474125128988364
2025-01-28,Industry A,0.017282713667180392
2025-01-29,IndustryA,-0.011010868769775518
2025-01-30,Industry A,-0.0007092577175178931
2025-01-31,Industry A,-0.013459920723531313
2025-02-03,Industry A,-0.005494155203428468
2025-02-04,Industry A,-0.0035894738338600675
2025-02-05,Industry A,0.002590856494990871
06/02/2025,IndustryA,0.0022460982322357924
2025-02-07,industry a,0.00024959459185839314
2025-02-10,Industry A,0.005423047486052763
2025-02-11,Industry A,-0.009943845579730824
2025-02-12,Industry A,0.002693007171369486
2025-02-13,Industry A,0.00944838538513716
2025-02-14,Industry A,-0.010086116845329157
2025-02-17,Industry A,-0.020504251144092444
2025-02-18,Industry A,0.012776354931407032
19/02/2025,Industry A,-0.013105635699256471
2025-02-20,Industry A,-0.006068949177172279
2025-02-21,Industry A,0.00907191230809884
2025-02-24,Industry A,-0.010664382552181986
2025-02-25,Industry A,0.011832917488978465
2025-02-26,Industry A,-0.007780740644339476
2025-02-27,Industry A,-0.009209707521644905
2025-02-28,Ind. A,-0.01340525230503674
2025-03-03,Industry A,-0.007677833281824686
2025-03-04,Industry A,0.007295848746229812
2025-03-05,Industry A,-0.006066861754510082
2025-03-06,Industry A,0.012831733011386737
2025-03-07,Ind. A,0.0007358993715615968
2025-03-10,Ind. A,0.0017815811241298396
11/03/2025,industry a,-0.009555688295682168
12/03/2025,Industry A,0.014785788997972324
2025-03-13,industry a,0.009554353049257404
2025-03-14,Industry A,0.009185766631789724
2025-03-17,Industry A,-0.00163877152309857
2025-03-18,Industry A,-0.014784911328492538
2025-03-19,IndustryA,0.002426159679016923
2025-03-20,Industry A,0.006753341970709366
2025-03-21,Ind. A,0.0068793999881306515
2025-03-24,Industry A,0.005154696742668807
2025-03-25,Ind. A,0.00463647110766956
2025-03-26,Ind. A,-0.007836177136866436
2025-03-27,IndustryA,-0.007283230115552316
2025-03-28,Industry A,-0.013299152261225855
2025-03-31,Ind. A,0.012988222096640575
2025-04-01,Industry A,0.023866351423325768
2025-04-02,Industry A,0.03658114898132761
2025-04-03,Industry A,0.0032623202210721974
2025-04-04,Ind. A,0.00466790672072366
2025-04-07,industry a,-0.0011669967166370071
2025-04-08,Industry A,0.0030697914156015286
2025-04-09,IndustryA,-0.010707972334164609
2025-04-10,Industry A,-0.0014083266497123873
11/04/2025,Industry A,-0.009117692897780366
2025-04-14,Industry A,-0.0029617270021484246
2025-04-15,Ind. A,-0.00817865751679087
2025-04-16,Industry A,0.0067600043913978195
2025-04-17,Ind. A,0.008319374621318305
2025-04-18,Industry A,0.004285285322018545
2025-04-21,industry a,-0.00723571579616814
22/04/2025,Industry A,-0.014060666255179233
2025-04-23,Industry A,0.008463340411746652
2025-04-24,Ind. A,0.0006717567922915557
2025-04-25,industry a,-0.02093547285571054
2025-04-28,Industry A,0.0023254379600603624
2025-04-29,Ind. A,0.0047602795885833575
2025-04-30,IndustryA,-0.01777647730469256
2025-05-01,Industry A,0.006979007375274946
2025-05-02,Industry A,-0.016215307328582354
2025-05-05,Ind. A,-0.008478828231290071
2025-05-06,Industry A,-0.01614460997023183
2025-05-07,IndustryA,-0.009662023556890647
2025-05-08,Industry A,-0.013967132077041887
2025-05-09,industry a,0.012902633793701785
2025-05-12,Industry A,-0.0022773491009264735
13/05/2025,Industry A,-0.0048192206843657125
2025-05-14,industry a,0.014161949771677685
2025-05-15,Ind. A,0.013453940302466815
2025-05-16,Industry A,-0.003914135834918041
2025-05-19,Industry A,0.004045394166152454
2025-05-20,Industry A,-0.006380146454380222
2025-05-21,Industry A,-0.0005381881552556489
2025-05-22,Industry A,-0.012102150333330109
2025-05-23,Industry A,0.005795945266044999
2025-05-26,Industry A,0.014699153905766005
2025-05-27,Industry A,0.012222007634592896
28/05/2025,Industry A,0.0012244565792310573
2025-05-29,IndustryA,-0.0219294454140103
2025-05-30,Industry A,-0.00690374569275976
2025-06-02,industry a,-0.0005529602076241042
2025-06-03,Ind. A,-0.017233090561145768
2025-06-04,Industry A,0.01831844819744378
2025-06-05,Industry A,0.010637134245979476
06/06/2025,Ind. A,0.006749525118199432
2025-06-09,Ind. A,0.009095381203820259
2025-06-10,Industry A,-0.013619122400895474
2025-06-11,Industry A,-0.010032317375617838
2025-06-12,industry a,0.003298954243966723
13/06/2025,industry a,0.004243480112722286
2025-06-16,Industry A,-0.015998408947548594
2025-06-17,Industry A,0.002430014930226987
18/06/2025,IndustryA,-0.00033679521025441574
2025-06-19,Industry A,0.011793556172049274
2025-06-20,Industry A,0.004304041489052254
2025-06-23,Industry A,0.019931620522804287
2025-06-24,Industry A,-0.0038491570492740954
2025-06-25,Industry A,-0.012906187925043498
2025-06-26,Industry A,0.019542925729609882
2025-06-27,Industry A,0.0049417138283807055
2025-06-30,Industry A,-0.00026715040581808786
2025-07-01,Industry A,-0.009621971228924619
2025-07-02,Industry A,-0.0037149241794859384
2025-07-03,Industry A,-0.004326314497468855
2025-07-04,Industry A,-0.013383837280923532
2025-07-07,Industry A,-0.025119407762559665
08/07/2025,Industry A,-0.004596640675477166
2025-07-09,IndustryA,0.00942324518595643
2025-07-10,industry a,0.015854164365386614
2025-07-11,Industry A,0.012309197644808067
2025-07-14,Industry A,0.013079093981469888
2025-07-15,Industry A,-0.012142050891295235
2025-07-16,Industry A,0.0035281301566425782
17/07/2025,industry a,0.006847442071943885
2025-07-18,Industry A,0.007644468727176295
2025-07-21,Industry A,-0.0005310766564952204
2025-07-22,Ind. A,0.0020184895491831938
2025-07-23,Industry A,0.0249415898327793
2025-07-24,Ind. A,0.011911879397790096
2025-07-25,Industry A,0.006391501721214129
28/07/2025,IndustryA,0.00864818089185985
2025-07-29,Industry A,-0.0051268196370250745
2025-07-30,Industry A,0.00797136772663474
2025-07-31,industry a,0.0018586811056916337
2025-08-01,industry a,0.010557808864449666
2025-08-04,industry a,-0.00783994116253867
2025-08-05,Industry A,0.00948669417091839
2025-08-06,Industry A,-0.0035578472668993696
2025-08-07,Industry A,0.009545956605452377
2025-08-08,Industry A,0.003606872014105682
2025-08-11,Industry A,0.0009696416285378436
2025-08-12,Industry A,-0.0029351726924950476
2025-08-13,Industry A,-0.0002161510002230785
2025-08-14,Industry A,-0.004569800019153175
2025-08-15,Industry A,-0.003176439902868412
18/08/2025,Industry A,0.006055896449655048
2025-08-19,Industry A,-0.019336506567414535
20/08/2025,industry a,0.009369372866021476
2025-08-21,Ind. A,0.009585538869136882
2025-08-22,Industry A,-0.002588406872521254
2025-08-25,Industry A,0.0023310934030831066
2025-08-26,Industry A,-0.010804587357529129
2025-08-27,Industry A,0.0052438739573135475
2025-08-28,Industry A,-0.009468617999353505
2025-08-29,Industry A,-0.032245812160880086
01/09/2025,IndustryA,-0.006092978715652517
2025-09-02,Industry A,0.0021873458027918203
2025-09-03,industry a,-0.026910566530931337
2025-09-04,Industry A,-0.01093988956946833
2025-09-05,Industry A,-0.015182214972743985
2025-09-08,Industry A,-0.003197959946638071
2025-09-09,Industry A,0.0016963673318161623
2025-09-10,Industry A,-0.018235267768530936
2025-09-11,Industry A,-0.006806643269106629
2025-09-12,Industry A,-0.0070989753663894045
2025-09-15,Industry A,-0.003150651030540204
2025-09-16,industry a,-0.003137155515854912
2025-09-17,IndustryA,0.004098616625895013
2025-09-18,Industry A,-0.007826912080041033
2025-09-19,industry a,0.005313487361833117
2025-09-22,Industry A,-0.005807417751863838
2025-09-23,Industry A,-0.005930014708636187
2025-09-24,Industry A,-0.02051928017348534
25/09/2025,Ind. A,-0.012365100649197453
2025-09-26,Industry A,0.007413102048971524
2025-09-29,industry a,-0.0029227435667574533
30/09/2025,Industry A,-0.00573207940219233
2025-10-01,Industry A,0.010099254675369233
2025-10-02,industry a,0.012822258326330238
2025-10-03,industry a,-0.01477153358972551
2025-10-06,industry a,0.020253454742758966
2025-10-07,Industry A,-0.0002841086384081491
2025-10-08,Industry A,-0.024069364672521753
2025-10-09,Ind. A,-0.004096752034854095
2025-10-10,Ind. A,0.0009863909699606085
2025-10-13,Industry A,0.011532990422483272
2025-10-14,IndustryA,0.014940732420012615
2025-10-15,Industry A,-0.0011840199376880333
2025-10-16,Industry A,-0.011541290560497214
2025-10-17,Industry A,0.004703089738000829
2025-10-20,Industry A,0.00650115168767117
2025-10-21,Industry A,0.00971008894007128
2025-10-22,Industry A,0.017041644617210052
2025-10-23,Ind. A,0.0014858608740718816
2025-10-24,industry a,0.006514424217486748
2025-10-27,Industry A,0.001402035655921685
2025-10-28,industry a,0.02330015362083022
2025-10-29,Industry A,0.0007581580425768966
30/10/2025,Industry A,
2025-10-31,Industry A,-0.0037470384440005263
03/11/2025,Industry A,0.011943114363979573
2025-11-04,Industry A,-0.000253060413382367
2025-11-05,Industry A,0.008650284141478004
2025-11-06,IndustryA,0.008854704473597505
2025-11-07,Industry A,-0.00995322563412797
2025-11-10,Industry A,-0.011117919092432675
2025-11-11,Industry A,0.009466537728230058
2025-11-12,Industry A,-0.01675169227121466
2025-11-13,Ind. A,-0.016373967177889286
2025-11-14,Industry A,0.024966734427880017
17/11/2025,Industry A,-0.022551822389752774
2025-11-18,Ind. A,0.011436805004175767
2025-11-19,Industry A,-0.00343841940052597
2025-11-20,Industry A,0.006805202131217424
2025-11-21,Ind. A,0.00752890586955433
2025-11-24,Industry A,-0.002473866109086536
2025-11-25,Ind. A,0.00042073058685583803
2025-11-26,Industry A,0.010872155045268192
2025-11-27,Ind. A,0.015920476314403402
2025-11-28,Industry A,0.01317649752724576
2025-12-01,Ind. A,0.0033863437893976635
2025-12-02,Industry A,-0.002647116629168824
2025-12-03,industry a,-0.011263738105837705
04/12/2025,Industry A,0.0030974259152291516
2025-12-05,Industry A,-0.0003015667345061504
2025-12-08,IndustryA,0.013151787877185449
2025-12-09,Industry A,0.007336282536442206
2025-12-10,Industry A,0.01606563072894172
2025-12-11,Industry A,-0.014085805056260264
2025-12-12,Industry A,0.019977345941886555
15/12/2025,Ind. A,0.0055725803611408175
16/12/2025,Industry A,-0.012239474789975205
2025-12-17,Industry A,-0.01652602182441551
2025-12-18,IndustryA,0.013108675609930304
2025-12-19,Industry A,-0.003453733692958324
2025-12-22,Industry A,-0.0005211069730615774
2025-12-23,Industry A,0.008081822320641653
2025-12-24,Industry A,
2025-12-25,Industry A,-0.018827240495203068
2025-12-26,Ind. A,0.019018477364765984
2025-12-29,Industry A,-0.01568305961681667
2025-12-30,Ind. A,-0.0011459668013270071
31/12/2025,Industry A,-0.0020410976176522314
2023-01-02,Industry B,-0.00668860574195563
03/01/2023,Industry B,0.0024654095962735314
2023-01-04,industry b,-0.0006123614945669149
2023-01-05,IndustryB,-0.006836197764216169
2023-01-06,Industry B,-0.021407524873041876
2023-01-09,Industry B,0.02416986980332149
2023-01-10,Industry B,0.0060563824534576784
2023-01-11,Industry B,-0.0034916195899693456
2023-01-12,Industry B,-0.012945245141700427
2023-01-13,Ind. B,0.0008474562279155109
2023-01-16,Industry B,-0.01694448592107378
2023-01-17,industry b,-0.004110895063614456
2023-01-18,Industry B,0.007336397754343767
2023-01-19,Ind. B,0.008304720491186132
2023-01-20,IndustryB,0.007263846703662432
23/01/2023,Industry B,-0.008143712941788502
2023-01-24,Industry B,0.009584216746374916
25/01/2023,industry b,0.0015070111276196563
2023-01-26,industry b,-0.018158951662723407
2023-01-27,Industry B,0.006837388304666925
2023-01-30,Industry B,0.00908718667153777
2023-01-31,Ind. B,-0.013463489608890608
2023-02-01,Industry B,0.022308914240145566
2023-02-02,IndustryB,0.022748360800744983
2023-02-03,Industry B,0.0008456802359030684
2023-02-06,Industry B,0.0036595840770533485
2023-02-07,Ind. B,0.0037412979105331937
2023-02-08,Ind. B,-0.0037314046292229357
2023-02-09,IndustryB,-0.019455841560766213
2023-02-10,industry b,-0.002421879246054232
2023-02-13,Industry B,-0.01569859641127164
2023-02-14,Industry B,0.015350627214450439
2023-02-15,Industry B,0.005970040652202847
2023-02-16,Industry B,-0.0011324940706919672
17/02/2023,Industry B,-0.001203984384488832
2023-02-20,Industry B,-0.006923214099990979
2023-02-21,Industry B,0.015404166360874574
2023-02-22,IndustryB,0.03223530992424201
2023-02-23,Industry B,-0.025102677693054576
2023-02-24,Industry B,0.0023774923524104772
27/02/2023,industry b,0.005146134998762886
2023-02-28,Industry B,0.002972059499531453
01/03/2023,Industry B,0.007841726734331223
2023-03-02,Industry B,0.02590957805287219
2023-03-03,Ind. B,-0.0027438269788148187
06/03/2023,Industry B,-0.02154546554097841
07/03/2023,Industry B,
2023-03-08,Industry B,0.016399775905237206
2023-03-09,Industry B,-0.0015817021595158937
2023-03-10,industry b,0.01263726903776637
2023-03-13,Industry B,0.007449970195122456
2023-03-14,Industry B,-0.0062000677699372035
2023-03-15,Industry B,-0.03828876418862239
2023-03-16,Industry B,-0.000975995140293118
2023-03-17,Industry B,-0.00965272888678045
2023-03-20,Industry B,-0.030319008973105972
2023-03-21,Ind. B,-0.0006697249639978574
2023-03-22,Industry B,-0.013597411444397146
2023-03-23,industry b,0.01584944751654593
2023-03-24,Industry B,0.004333438445747744
2023-03-27,Industry B,-0.012261790982758416
2023-03-28,Industry B,0.0062560371442390355
2023-03-29,Industry B,0.006515982136264983
2023-03-30,Industry B,0.007346681770799198
2023-03-31,Ind. B,0.01819247236029993
2023-04-03,Ind. B,-0.03152817998342482
2023-04-04,Ind. B,0.014880405769858109
2023-04-05,Industry B,-0.02244367755339467
2023-04-06,Industry B,0.001661344563199098
2023-04-07,IndustryB,0.016429597835388696
2023-04-10,Industry B,-0.018844847289546066
2023-04-11,IndustryB,0.007200981080423995
2023-04-12,Industry B,0.016693855354121673
2023-04-13,industry b,0.00852230737799395
2023-04-14,Industry B,-0.0008704446648471362
17/04/2023,Industry B,
2023-04-18,Industry B,0.013594461752957069
2023-04-19,IndustryB,-0.01114279932510727
2023-04-20,Industry B,0.00018690214670694826
2023-04-21,Industry B,0.03301874907946225
2023-04-24,Industry B,0.002362694435001598
2023-04-25,Industry B,0.009193223007885595
2023-04-26,Industry B,0.011530886739342354
2023-04-27,IndustryB,-0.008980259040370522
2023-04-28,Industry B,0.0011259033515395034
2023-05-01,Industry B,0.010752762025062505
2023-05-02,Industry B,0.007808719169749515
2023-05-03,Ind. B,0.03634416119358341
2023-05-04,Industry B,-0.007341769969395053
2023-05-05,Industry B,-0.01836814039822595
2023-05-08,Industry B,0.0016369101247608122
2023-05-09,Industry B,0.00010956886853535829
2023-05-10,Industry B,-0.006731921122049021
11/05/2023,Ind. B,-0.004439258058356587
2023-05-12,IndustryB,0.009178280466606351
2023-05-15,Industry B,0.003952146103300266
16/05/2023,Industry B,-0.012707781112160385
2023-05-17,Industry B,0.011895079580239082
2023-05-18,Industry B,0.013305056856224146
2023-05-19,Industry B,0.04926833973310544
2023-05-22,industry b,-0.02275668988491729
2023-05-23,Industry B,-0.01649336009278362
2023-05-24,Industry B,-0.01194017926733986
25/05/2023,Industry B,-0.0038723083286885045
2023-05-26,Ind. B,0.007345385248609905
2023-05-29,Industry B,0.012371682275081782
2023-05-30,Industry B,
2023-05-31,Ind. B,-0.02482412903810846
01/06/2023,Industry B,-0.03198620727704413
2023-06-02,Industry B,-0.0015155993617058576
2023-06-05,Industry B,0.025460366020207043
2023-06-06,Industry B,0.01442750182122313
2023-06-07,Industry B,-0.020879967809432347
2023-06-08,Ind. B,0.0028370046482806962
09/06/2023,Ind. B,-0.01584175240429752
2023-06-12,Industry B,-0.0028728305811120338
2023-06-13,Industry B,-0.013465536150799862
2023-06-14,Industry B,0.00012400602829409874
2023-06-15,Industry B,0.019898266671845577
2023-06-16,IndustryB,-0.008537071747949841
2023-06-19,industry b,0.01197915209770233
20/06/2023,Industry B,0.008267259994079077
2023-06-21,Industry B,0.025609220822841356
2023-06-22,Industry B,0.000524160891363513
2023-06-23,Industry B,0.00036120798903094227
2023-06-26,Industry B,-0.009883094923802401
2023-06-27,Industry B,-0.00927180015505369
2023-06-28,Industry B,-0.004203446607156385
2023-06-29,IndustryB,-0.021329534357113624
2023-06-30,Industry B,0.00394338392269068
2023-07-03,Industry B,0.035503450364634585
2023-07-04,Industry B,0.009027554536490881
2023-07-05,Industry B,-0.02604636303997664
2023-07-06,Industry B,-0.001698728997985409
2023-07-07,Industry B,-0.00797506056441556
2023-07-10,industry b,-0.013444810677184654
2023-07-11,Industry B,0.015470074755728386
2023-07-12,Industry B,-0.025616583180730797
2023-07-13,Ind. B,0.013920837268662131
2023-07-14,Industry B,-0.026974459254914786
2023-07-17,industry b,-0.006042930153400908
2023-07-18,industry b,-0.0063183178029253655
2023-07-19,Industry B,0.009138232213513394
2023-07-20,Industry B,-0.002273915765562757
2023-07-21,Industry B,-0.003669940827407607
2023-07-24,IndustryB,0.01737318456382231
2023-07-25,Industry B,-0.02990115713891774
2023-07-26,IndustryB,-0.0035756725482201674
2023-07-27,Industry B,0.005520465137298285
2023-07-28,Industry B,0.014477275600111078
2023-07-31,industry b,-0.027824086354984498
2023-08-01,Industry B,0.002769793338964934
02/08/2023,industry b,0.0012687215421556656
2023-08-03,Industry B,
2023-08-04,IndustryB,-0.04022112549636698
2023-08-07,Industry B,0.005871380252849666
2023-08-08,Industry B,0.0034639478369729213
2023-08-09,Industry B,0.01598405479010375
10/08/2023,industry b,0.008646204906090601
2023-08-11,Industry B,0.01267969825244812
2023-08-14,Industry B,0.030371681390768752
2023-08-15,IndustryB,
2023-08-16,IndustryB,0.025503400143587096
2023-08-17,Industry B,0.013673702594166903
2023-08-18,Ind. B,0.043537049746912804
2023-08-21,Industry B,-0.012549983757567598
2023-08-22,Industry B,-0.009108575201162277
2023-08-23,industry b,-0.04578251923342611
2023-08-24,Industry B,0.002247720498345804
2023-08-25,Industry B,0.02420241329878957
2023-08-28,Industry B,0.01864311883685494
2023-08-29,Industry B,0.01379031218404637
2023-08-30,Ind. B,0.02166835937872583
2023-08-31,Industry B,0.007591562665553245
2023-09-01,Industry B,-0.001381557215185709
2023-09-04,Ind. B,0.03494180422740982
2023-09-05,Industry B,0.004146648050949722
2023-09-06,industry b,0.025448468282847237
2023-09-07,Industry B,-0.03387058850193688
2023-09-08,industry b,-0.027892601945434064
2023-09-11,Industry B,0.013105068163539534
2023-09-12,Industry B,-0.0055921231554225525
2023-09-13,Industry B,-0.007352276033794391
14/09/2023,Industry B,-0.007165304666790601
2023-09-15,Industry B,0.04025194963161795
2023-09-18,Industry B,0.021104299516128636
2023-09-19,Industry B,0.027315576666607028
2023-09-20,Industry B,-0.03062788438746075
2023-09-21,Industry B,0.010340630532267879
2023-09-22,Industry B,-0.009402560123423833
25/09/2023,IndustryB,0.01658093804723185
2023-09-26,Industry B,0.01480560057430199
2023-09-27,Industry B,
2023-09-28,IndustryB,-0.015412053539096988
2023-09-29,IndustryB,-0.013497954487628574
2023-10-02,Industry B,0.01971125448712557
2023-10-03,Industry B,0.03384647352972747
2023-10-04,Ind. B,-0.012119093633784163
2023-10-05,Industry B,0.039735417741505866
2023-10-06,Industry B,0.026751172347093278
2023-10-09,Industry B,-0.015311633125787687
2023-10-10,Industry B,-0.009946614252692089
2023-10-11,Industry B,-0.003256741502100321
2023-10-12,Industry B,0.006500889923036789
2023-10-13,Industry B,-0.010254861801455968
2023-10-16,Industry B,-0.0043238257879366325
17/10/2023,Industry B,-0.004435081588077885
2023-10-18,IndustryB,-0.016111821527735975
2023-10-19,Ind. B,0.006151343805913366
2023-10-20,Industry B,-0.027308775675484002
2023-10-23,Industry B,0.02096088767021531
2023-10-24,Industry B,-0.028241423276302077
2023-10-25,Industry B,-0.01853425424239338
2023-10-26,Industry B,-0.010357133798720594
2023-10-27,Industry B,-0.014565055081225688
2023-10-30,Industry B,-0.010424484213401346
2023-10-31,Ind. B,-0.002034979476266991
2023-11-01,Industry B,0.011174904929032746
2023-11-02,Industry B,-0.017295356577951157
2023-11-03,Industry B,-0.007607844877724309
2023-11-06,IndustryB,-0.036348043852909594
2023-11-07,Industry B,-0.016631532957995365
2023-11-08,Industry B,-0.012885200107902709
2023-11-09,Industry B,0.0055820276250882804
2023-11-10,Ind. B,-0.000775961862273566
13/11/2023,Industry B,0.004354034967106992
2023-11-14,Industry B,-0.04324870424363544
2023-11-15,Industry B,0.020224264036099497
2023-11-16,Ind. B,-0.0015950256385282684
2023-11-17,IndustryB,0.038367414424179326
2023-11-20,IndustryB,-0.004293879807726535
2023-11-21,Industry B,-0.008531081112052589
2023-11-22,Industry B,-0.00705157386597652
23/11/2023,IndustryB,-0.002628850753804118
2023-11-24,Industry B,-0.020844693026639265
2023-11-27,industry b,0.016314904185018898
2023-11-28,Industry B,0.00016770818229442644
2023-11-29,Industry B,-0.009670479664303585
30/11/2023,Ind. B,0.01713293457250375
01/12/2023,IndustryB,0.013472160841957983
04/12/2023,IndustryB,0.007789146725849901
2023-12-05,industry b,-0.0016480197016801334
2023-12-06,Industry B,0.004929153374200352
2023-12-07,industry b,-0.011724503718649618
2023-12-08,IndustryB,0.014975494877854526
2023-12-11,Industry B,-0.030577940977850836
2023-12-12,Industry B,-0.03169457106335819
2023-12-13,IndustryB,-0.011563956728701343
2023-12-14,Industry B,-0.018501221046228426
2023-12-15,Industry B,-0.011767595946719243
2023-12-18,Industry B,0.019080240775095215
2023-12-19,Industry B,-0.006371222340451406
2023-12-20,Ind. B,0.0016637161756616321
2023-12-21,Ind. B,-0.00866243627094604
2023-12-22,Industry B,-0.02866604716215734
2023-12-25,Industry B,0.012514275825569781
2023-12-26,Industry B,0.024038873541422923
2023-12-27,Ind. B,-0.0031380288235980333
2023-12-28,Industry B,-0.0015910370723838181
2023-12-29,Ind. B,0.0008072459932437103
2024-01-01,Industry B,0.025891027756403628
2024-01-02,Industry B,0.011733406780033907
2024-01-03,Industry B,0.005991599444847388
2024-01-04,industry b,0.01019750849554104
2024-01-05,Industry B,0.01427222394825898
2024-01-08,Industry B,-0.02351742960735427
2024-01-09,Industry B,0.01687211478939726
2024-01-10,Industry B,0.016304492220331295
2024-01-11,Industry B,0.02098747859467899
2024-01-12,IndustryB,0.028462601774448086
2024-01-15,Ind. B,0.015618091727217932
2024-01-16,Industry B,-0.010705261796943763
2024-01-17,industry b,0.015477958205819783
2024-01-18,Industry B,0.007663193934406544
2024-01-19,Industry B,-0.0039659840995468956
2024-01-22,Ind. B,0.01837268078709133
2024-01-23,Ind. B,-0.015298117886419207
24/01/2024,Ind. B,0.009877688065938441
2024-01-25,industry b,0.01418530078983626
2024-01-26,Industry B,0.0040128503564883485
2024-01-29,Industry B,0.012890931177583023
2024-01-30,industry b,0.012604531926784207
2024-01-31,Industry B,0.007499933198756529
2024-02-01,Industry B,-0.0013523166494813627
2024-02-02,Industry B,-0.004735804877045576
2024-02-05,Industry B,-0.002798459712136314
2024-02-06,Industry B,0.01150682096155408
2024-02-07,Industry B,-0.0015443831127947274
2024-02-08,Industry B,0.005118920141928475
2024-02-09,Industry B,-0.007863663204150365
2024-02-12,Industry B,-0.010141525104246079
2024-02-13,IndustryB,-0.02029342259024737
2024-02-14,Industry B,-0.006875147659357546
2024-02-15,Industry B,-0.00935345690064138
2024-02-16,Industry B,-0.03263069335483912
2024-02-19,Industry B,0.026648914149719646
2024-02-20,Industry B,0.01595782888843619
2024-02-21,Industry B,0.019408927204771304
2024-02-22,Industry B,0.0284101093455437
2024-02-23,Industry B,-0.003802163482965094
26/02/2024,Industry B,-0.022592117790056057
2024-02-27,Industry B,0.035956942442444344
2024-02-28,Industry B,0.025760339673775074
2024-02-29,Industry B,0.00037080919188774386
2024-03-01,Ind. B,-0.008811749872365767
2024-03-04,Industry B,0.0112543567134595
2024-03-05,industry b,-0.004180514984723613
2024-03-06,Industry B,0.005827067531090701
2024-03-07,Ind. B,0.009122435921084146
2024-03-08,Industry B,0.008441238830974768
11/03/2024,Industry B,0.014674198385076167
2024-03-12,IndustryB,-0.0073119098467775605
2024-03-13,Industry B,0.02235541803324725
2024-03-14,Industry B,-0.01774491215538533
2024-03-15,Industry B,0.011863993130609308
2024-03-18,Ind. B,-0.025179343166436052
2024-03-19,Industry B,-0.0001941296631747662
2024-03-20,Industry B,0.00900644599209354
2024-03-21,Industry B,0.01841932979855379
2024-03-22,Ind. B,-0.02054819819193077
2024-03-25,Industry B,0.010504234252494011
2024-03-26,Industry B,-0.03331595667300232
2024-03-27,IndustryB,-0.0025848389437283198
2024-03-28,Industry B,-0.02925498265472859
2024-03-29,industry b,-0.0048967760549435595
2024-04-01,Industry B,-0.004220968399600462
2024-04-02,Industry B,0.002251858832514996
2024-04-03,IndustryB,0.017148206117395766
2024-04-04,Industry B,-0.006265068439930941
05/04/2024,Industry B,0.01831637492312662
2024-04-08,Industry B,-0.0010140538202441458
2024-04-09,Industry B,0.001082678511959472
2024-04-10,Industry B,-0.007796582269346834
2024-04-11,IndustryB,0.01643015856874345
12/04/2024,Industry B,0.004089565911031075
2024-04-15,Industry B,0.00805124927756994
2024-04-16,Industry B,0.004297402593422712
2024-04-17,industry b,-0.0143841364862158
18/04/2024,Ind. B,0.0138870114477476
19/04/2024,Industry B,0.022411894088098773
2024-04-22,IndustryB,0.000562691882333314
23/04/2024,IndustryB,0.0022188474995564387
2024-04-24,Industry B,0.004819123213329653
2024-04-25,Industry B,-0.006148887549495212
2024-04-26,industry b,-0.0002869787828595268
2024-04-29,industry b,-0.009314926878368211
2024-04-30,Industry B,-0.011068507691633592
2024-05-01,Industry B,-0.009904169652033992
2024-05-02,Industry B,-0.016225215508147702
03/05/2024,Ind. B,-0.004753602735872549
2024-05-06,Ind. B,-0.0021382749156890206
2024-05-07,Industry B,0.005252864743977389
08/05/2024,Industry B,0.0038037632889594488
2024-05-09,Industry B,0.00016966787360070884
2024-05-10,Industry B,0.025104082198824904
2024-05-13,Industry B,-0.02157700845769583
2024-05-14,Industry B,0.02098448898110299
2024-05-15,Industry B,0.012730592571050645
2024-05-16,industry b,-0.026094894120075443
2024-05-17,Industry B,-0.023980924948798322
2024-05-20,Industry B,0.016760638887814813
2024-05-21,Industry B,-0.031932327717366864
2024-05-22,Industry B,-0.008235375250265313
2024-05-23,Industry B,0.01745833900188217
2024-05-24,Industry B,0.01404799410299057
27/05/2024,IndustryB,0.006767184975495806
2024-05-28,Industry B,0.006141940215278367
2024-05-29,Industry B,0.004029529524190138
2024-05-30,IndustryB,0.011653155789623839
2024-05-31,Industry B,0.004551076838830529
2024-06-03,Industry B,-0.01618412874339261
2024-06-04,Industry B,-0.0014395463947566064
2024-06-05,industry b,0.004118701581153045
2024-06-06,Industry B,-0.010129915332636094
2024-06-07,industry b,0.002228627725010237
2024-06-10,industry b,0.016116799224755417
2024-06-11,Industry B,-0.0052089603902095135
2024-06-12,industry b,-0.015397427746782742
2024-06-13,IndustryB,-0.006970699382066426
2024-06-14,Industry B,-0.015497417762218194
2024-06-17,Industry B,0.025187936298004875
2024-06-18,Industry B,-0.025715820686835797
2024-06-19,Industry B,0.0154082127963295
2024-06-20,Industry B,-0.0035951884879643027
2024-06-21,Industry B,-0.01629438275012898
24/06/2024,Industry B,0.033531423104479104
2024-06-25,Industry B,-0.00206425459948474
2024-06-26,Industry B,-0.007118643739599329
2024-06-27,Ind. B,0.0018773907856329674
2024-06-28,Industry B,0.023399140978733086
2024-07-01,Industry B,-0.005665997678230843
2024-07-02,industry b,0.011092186234518605
2024-07-03,IndustryB,-0.02586822768006192
2024-07-04,Industry B,0.016337284100713324
2024-07-05,Industry B,0.0006042502004670093
2024-07-08,Ind. B,0.013205561317459666
09/07/2024,Ind. B,-0.0035446130656499528
2024-07-10,Industry B,-0.019165278418328557
2024-07-11,Industry B,-0.0012426827179076864
2024-07-12,Industry B,-0.030921397754997915
15/07/2024,Industry B,0.02451723615316435
2024-07-16,IndustryB,0.01947055352546466
2024-07-17,industry b,0.0007612178914393707
2024-07-18,Industry B,-0.007188336536405179
2024-07-19,Industry B,0.027013258519857263
2024-07-22,Industry B,0.0034118674075343876
2024-07-23,Industry B,0.014318823165055243
2024-07-24,Industry B,0.0025000401072070967
2024-07-25,Industry B,0.013272787686647535
2024-07-26,Industry B,0.0009345290647762767
2024-07-29,Industry B,-0.00854650738915446
2024-07-30,Industry B,0.018004782559031002
2024-07-31,Industry B,-0.011909279866554243
2024-08-01,Industry B,0.012105256325308249
2024-08-02,Industry B,0.012970607060333853
2024-08-05,industry b,0.006438312299292785
2024-08-06,IndustryB,-0.008243123991866176
2024-08-07,Industry B,0.019574671225246625
2024-08-08,Industry B,-0.01919390372258146
2024-08-09,Industry B,0.025546423504192003
2024-08-12,Industry B,-0.009715120978953133
13/08/2024,IndustryB,-0.01887112303570607
2024-08-14,Industry B,-0.008532299942769807
2024-08-15,Industry B,-0.00364035299412991
2024-08-16,Industry B,-0.024650099361471656
2024-08-19,Industry B,0.016472442706316804
2024-08-20,Ind. B,-0.015843863380608177
2024-08-21,Industry B,0.011910905431319996
2024-08-22,Industry B,-0.007193583331668851
2024-08-23,Industry B,0.02558437040443259
2024-08-26,Industry B,-0.009824713091883644
2024-08-27,Industry B,0.004979111189447484
2024-08-28,Industry B,0.021027766270461344
2024-08-29,Industry B,-2.0934030898874903e-05
2024-08-30,Industry B,0.007246277409539064
2024-09-02,Industry B,0.018854685727208238
03/09/2024,industry b,
04/09/2024,industry b,0.01628462519498386
2024-09-05,Ind. B,-0.00412686157020904
2024-09-06,Ind. B,-0.015537765389525587
2024-09-09,Industry B,0.006863660372014797
10/09/2024,Industry B,0.004910512709414631
2024-09-11,IndustryB,0.029955932859391715
2024-09-12,Industry B,-0.009891092939301476
2024-09-13,Industry B,
2024-09-16,Industry B,-0.003844042350169652
2024-09-17,Ind. B,-0.027291081521070487
2024-09-18,Industry B,-0.006536940248417412
2024-09-19,Ind. B,0.006610309295553204
2024-09-20,Industry B,-0.0016640587792120494
2024-09-23,IndustryB,0.01203394357666548
2024-09-24,Industry B,-0.02212130235449617
2024-09-25,Industry B,-0.020118395180016076
2024-09-26,Ind. B,-0.011872863090009692
2024-09-27,industry b,-0.03494049892340797
2024-09-30,Industry B,-0.015645587138500318
2024-10-01,Industry B,0.007320410611147349
2024-10-02,Industry B,0.017285753492507917
2024-10-03,industry b,0.00828644110759476
2024-10-04,IndustryB,0.00959370315907358
07/10/2024,Industry B,-0.004555365548854583
2024-10-08,Industry B,-0.013975234168333503
09/10/2024,IndustryB,0.0017923094144075618
2024-10-10,Industry B,-0.014137307549238273
2024-10-11,Industry B,0.00537126145619502
2024-10-14,Ind. B,-0.011662033654756142
2024-10-15,Industry B,-0.00208640485483181
2024-10-16,IndustryB,0.004564886129499167
2024-10-17,Industry B,-0.009609635343429276
2024-10-18,Industry B,0.01672233298743877
2024-10-21,Industry B,-0.016889264856270642
22/10/2024,IndustryB,-0.00291384033255184
2024-10-23,Industry B,0.01367705349552817
2024-10-24,Industry B,-0.010886061589946953
2024-10-25,Industry B,0.036618573192830836
2024-10-28,Industry B,-0.0012879285573019442
2024-10-29,IndustryB,-0.003648690597297082
2024-10-30,Industry B,-0.016473642212019506
2024-10-31,Industry B,-0.014202603282403024
2024-11-01,Industry B,0.018010638659669613
2024-11-04,Ind. B,-0.01720233614998184
2024-11-05,Industry B,-0.012804657118119012
06/11/2024,Industry B,0.023196108913868776
2024-11-07,Industry B,-0.0030849438895493024
2024-11-08,Industry B,-0.04487179736980004
2024-11-11,Industry B,0.00460240034399673
2024-11-12,Ind. B,0.01816586351907506
2024-11-13,Industry B,0.009558486116427997
2024-11-14,Industry B,-0.0039000247386829436
2024-11-15,Industry B,0.024597778732835626
2024-11-18,IndustryB,0.013515599986420697
2024-11-19,Industry B,-0.008194120318427423
2024-11-20,Industry B,0.0013260726767551476
2024-11-21,IndustryB,-0.04842414414269223
2024-11-22,Industry B,0.0003599133922489509
2024-11-25,Industry B,0.003553672615962233
2024-11-26,IndustryB,-0.003986539162920041
2024-11-27,Industry B,0.0042523936902188674
2024-11-28,Industry B,-0.004796420963419179
2024-11-29,Industry B,0.008725748984397595
2024-12-02,Industry B,0.024217948881417446
2024-12-03,Industry B,0.014555483906912805
04/12/2024,Ind. B,-0.0007230625783043443
2024-12-05,Industry B,-0.0024029140711206683
2024-12-06,Industry B,-0.008816253287307623
2024-12-09,Industry B,-0.009517691134137068
10/12/2024,Industry B,0.015375467064571961
2024-12-11,Ind. B,0.008430530253784017
2024-12-12,Industry B,-0.016913382540896058
2024-12-13,IndustryB,-0.0001107070962170806
2024-12-16,Ind. B,0.014691018929750811
2024-12-17,Industry B,0.019217816863224265
2024-12-18,Industry B,0.010973667468106872
2024-12-19,Industry B,0.010374040801836175
2024-12-20,Industry B,-0.022708313171034097
2024-12-23,Industry B,0.02859201894165642
2024-12-24,Industry B,0.015540937665572171
2024-12-25,Industry B,0.033144311327382166
2024-12-26,Industry B,-0.014835982860939824
2024-12-27,Industry B,-0.031431033780253144
2024-12-30,Industry B,0.0038708063464269397
2024-12-31,Ind. B,0.03914284420524662
2025-01-01,IndustryB,-0.008460980813567689
2025-01-02,Industry B,0.015060623254608945
2025-01-03,Industry B,-0.012995801355534912
2025-01-06,Industry B,0.013121934397316007
2025-01-07,IndustryB,-0.032131001380956425
2025-01-08,Industry B,0.016651833161016535
2025-01-09,Industry B,-0.007822701742736528
2025-01-10,Industry B,
2025-01-13,Industry B,-0.021695361948807338
2025-01-14,Industry B,0.0006387993365148616
2025-01-15,Industry B,-0.01335037731532941
2025-01-16,IndustryB,0.01826837194509902
2025-01-17,Industry B,0.005592785634503565
2025-01-20,Ind. B,-0.012519096635729436
2025-01-21,Industry B,0.01758086289428663
2025-01-22,Industry B,-0.013470931180615847
2025-01-23,Industry B,-0.0005743382272301376
2025-01-24,Ind. B,0.004344934253870699
2025-01-27,Industry B,0.01656667291728864
2025-01-28,industry b,0.0245789126416696
2025-01-29,Industry B,-0.019536634240997667
2025-01-30,Industry B,-0.006892154267561258
31/01/2025,Industry B,-0.014407046589229859
2025-02-03,Industry B,-0.01291616058128736
2025-02-04,Industry B,0.01466455985917761
2025-02-05,Industry B,0.036852851294800704
2025-02-06,Industry B,-0.0028169333638068334
2025-02-07,Industry B,0.0037946313290671573
10/02/2025,IndustryB,0.03290682872253156
2025-02-11,Industry B,0.006288135212018765
2025-02-12,IndustryB,-0.020852758045525114
2025-02-13,Industry B,0.023761415819185533
2025-02-14,IndustryB,-0.006199321293339902
2025-02-17,IndustryB,-0.030308952505408736
2025-02-18,Industry B,0.0009814408248263746
2025-02-19,IndustryB,-0.004604746896413824
2025-02-20,Industry B,-0.010388684461407798
21/02/2025,Industry B,-0.011176229619859313
2025-02-24,Ind. B,-0.004217064207481993
2025-02-25,Ind. B,0.02477115057124916
26/02/2025,Industry B,0.008705225985151752
2025-02-27,IndustryB,0.020547888993401292
28/02/2025,IndustryB,0.010918760820429122
2025-03-03,industry b,0.02413948518823212
2025-03-04,Industry B,-0.010159799121665635
2025-03-05,Industry B,0.007501756913282188
2025-03-06,industry b,0.006668623123762127
2025-03-07,Industry B,0.011257234229380573
2025-03-10,Industry B,-0.017433239731723008
2025-03-11,industry b,-0.002393911808154283
2025-03-12,Industry B,0.03194136858460363
13/03/2025,Industry B,0.009817553480528098
2025-03-14,Industry B,-0.004035380793539061
2025-03-17,Industry B,-0.01277881918886646
2025-03-18,Industry B,-0.0041250461271006116
2025-03-19,IndustryB,0.011261188680462454
2025-03-20,Industry B,0.007499017390316985
2025-03-21,Industry B,0.0034977644129445553
2025-03-24,Industry B,-0.007302664940540871
2025-03-25,IndustryB,0.012312539938368514
2025-03-26,Industry B,-0.003981105570681755
2025-03-27,Ind. B,-0.011912906299319067
2025-03-28,Industry B,0.010086479080777378
2025-03-31,Industry B,0.015452033709745336
2025-04-01,Industry B,0.011595781878929378
2025-04-02,Ind. B,0.0186776451485401
2025-04-03,Industry B,-0.003746240438345961
2025-04-04,Ind. B,0.014720391897481349
2025-04-07,industry b,0.0246663868926757
2025-04-08,Industry B,0.00568669362535667
2025-04-09,Industry B,-0.00046507741963585373
2025-04-10,Industry B,-0.009555803134918817
2025-04-11,Industry B,0.03268476010546191
2025-04-14,IndustryB,-0.022615109560318446
2025-04-15,Ind. B,-0.005664019360804195
2025-04-16,Industry B,0.011963188812459237
2025-04-17,Industry B,-0.004242433911957879
2025-04-18,Industry B,-0.009966366683692576
2025-04-21,IndustryB,-0.017474074587863722
2025-04-22,Industry B,0.006749511639294252
2025-04-23,Industry B,0.019013045271772635
2025-04-24,Ind. B,0.011482437384345755
2025-04-25,industry b,-0.0002490949285199753
28/04/2025,Industry B,0.01033569125654663
2025-04-29,Industry B,-0.01126732726023069
2025-04-30,Industry B,-0.02086004163225564
2025-05-01,Industry B,0.014027745853876193
2025-05-02,Industry B,-0.023767580403815356
2025-05-05,IndustryB,-0.010212634885256961
2025-05-06,Industry B,-0.030025691323182023
2025-05-07,IndustryB,-0.004584779914533884
2025-05-08,Industry B,-0.010054932704962277
2025-05-09,Ind. B,-0.010878843368540288
2025-05-12,Industry B,0.013255782941715005
2025-05-13,Industry B,-0.011108387051579623
14/05/2025,Industry B,0.004102014661179797
2025-05-15,Industry B,0.014181617675438987
2025-05-16,Industry B,0.004485555961041268
2025-05-19,Industry B,
2025-05-20,Industry B,-0.0032593167642413147
2025-05-21,Industry B,0.009718277465512503
2025-05-22,Industry B,0.007249742501284718
2025-05-23,Industry B,-0.01535925996863272
2025-05-26,Industry B,0.04072123499343597
2025-05-27,Industry B,0.02770261489510777
2025-05-28,Industry B,-0.023025667453377363
2025-05-29,Industry B,-0.009532938463843161
2025-05-30,industry b,-0.017230131131635226
2025-06-02,industry b,0.008443987716743644
2025-06-03,Industry B,-0.01677362285827824
2025-06-04,industry b,-0.0043931427354546755
2025-06-05,Industry B,-0.0005637740370175845
2025-06-06,Industry B,
2025-06-09,Ind. B,0.018427716495193418
2025-06-10,Industry B,0.007721005257776395
2025-06-11,Ind. B,-0.0023309390995482383
2025-06-12,Industry B,0.008891025310106052
2025-06-13,Industry B,-0.00953065442508777
2025-06-16,IndustryB,0.0028454711290747973
2025-06-17,Ind. B,0.017860830388565254
18/06/2025,Industry B,-0.02029970750242683
2025-06-19,Industry B,
2025-06-20,IndustryB,-0.0066887712316844455
2025-06-23,Industry B,-0.0005857863788274083
2025-06-24,IndustryB,-0.0007942180743056015
2025-06-25,Industry B,-0.003041098722938708
2025-06-26,Ind. B,0.004697808003621638
2025-06-27,Industry B,-0.03634016065961171
2025-06-30,IndustryB,-0.004653181447436786
01/07/2025,Industry B,0.009659075665348541
2025-07-02,Industry B,-0.004784833929126882
2025-07-03,Ind. B,-0.03000412962831684
2025-07-04,Industry B,0.005682240465132689
2025-07-07,IndustryB,-0.026041108486690348
2025-07-08,Industry B,
2025-07-09,Industry B,-0.0023271599388046847
2025-07-10,Industry B,
2025-07-11,industry b,-0.012050740346146806
2025-07-14,Ind. B,0.0020244333082176805
2025-07-15,Ind. B,-0.01040787768689717
2025-07-16,Industry B,-0.004972313521827603
2025-07-17,Ind. B,-0.0042416177246343886
2025-07-18,Industry B,0.010885352100920606
2025-07-21,Industry B,-0.006645318131553232
2025-07-22,Industry B,0.009053370609681796
2025-07-23,Industry B,0.028367822088340336
24/07/2025,IndustryB,0.051257200957033594
2025-07-25,Industry B,0.010739708946080473
2025-07-28,Industry B,-0.009247658328630648
2025-07-29,Industry B,-0.010328469523123872
2025-07-30,Industry B,0.0022741349141611896
2025-07-31,Industry B,0.016633257111920936
2025-08-01,Industry B,0.004003941740190349
2025-08-04,IndustryB,0.011497359352195351
2025-08-05,Industry B,-0.01727891478321543
2025-08-06,Ind. B,0.00021025218179286689
2025-08-07,Industry B,0.01871151992977184
2025-08-08,Industry B,0.010506407324172908
2025-08-11,Ind. B,-0.009066515812686454
2025-08-12,Industry B,-0.0015097488640975312
2025-08-13,Industry B,-0.02709161773860407
14/08/2025,industry b,-0.0019587879609381732
2025-08-15,Industry B,-0.00545259510074592
2025-08-18,Industry B,-0.011803095372278768
2025-08-19,Industry B,-0.016596712983595604
2025-08-20,Industry B,0.0297141525563445
2025-08-21,Industry B,-0.015247900099273575
2025-08-22,Industry B,0.0020938651643918208
2025-08-25,Industry B,0.009084485891542515
2025-08-26,Industry B,-0.005574815908421033
2025-08-27,Industry B,0.014923888187400243
2025-08-28,Industry B,-0.010632929813907796
2025-08-29,Industry B,-0.028247219822570346
2025-09-01,Industry B,-0.018244076509443465
2025-09-02,Industry B,0.0004930335882860543
2025-09-03,Industry B,-0.013087063591981918
2025-09-04,Industry B,0.0003558120086072773
2025-09-05,Industry B,-0.008700581851741197
2025-09-08,Industry B,0.002392082245253433
2025-09-09,Industry B,-0.0026480819129213783
2025-09-10,industry b,-0.03206818294922349
2025-09-11,Industry B,-0.004222292725959919
2025-09-12,Industry B,0.004653928490858394
2025-09-15,Industry B,-0.015698933324595092
2025-09-16,Ind. B,0.0013248952225281352
2025-09-17,Industry B,0.029278309206548916
18/09/2025,Industry B,-0.00576604393572929
2025-09-19,Industry B,0.0028334144745665447
2025-09-22,Ind. B,-0.025640945010713657
2025-09-23,Industry B,-0.01891955945081541
2025-09-24,Industry B,-0.023700590923306203
2025-09-25,Industry B,0.0009023484897866169
2025-09-26,Ind. B,-0.008487179024150932
29/09/2025,Industry B,-0.028325066289470284
2025-09-30,Industry B,0.0022415880426082833
01/10/2025,Industry B,-0.00414878967464471
2025-10-02,industry b,-0.013983543667495163
2025-10-03,Industry B,0.0012570528124232936
2025-10-06,Industry B,0.019182454531830154
2025-10-07,Industry B,-0.031556253488011755
2025-10-08,Industry B,-0.012612556215768277
2025-10-09,Industry B,-0.018278729537030306
2025-10-10,Industry B,0.002216884162100323
2025-10-13,industry b,0.008851630083970951
2025-10-14,Industry B,0.009058661798509985
2025-10-15,IndustryB,0.014476966817005823
2025-10-16,Industry B,0.03326933673957669
17/10/2025,Industry B,0.008243316200459363
2025-10-20,Industry B,0.030702074597490817
2025-10-21,Ind. B,-0.017127719781288367
2025-10-22,IndustryB,0.005334100694525015
2025-10-23,Industry B,-0.017407048695031742
2025-10-24,Industry B,-0.0054184789256139345
2025-10-27,Industry B,-0.003238114994079911
2025-10-28,industry b,0.04228353299525826
2025-10-29,industry b,0.0013490375956950915
2025-10-30,IndustryB,0.01321433384698006
2025-10-31,Industry B,-0.008288482546940791
2025-11-03,Industry B,-0.0005455947933683392
2025-11-04,Industry B,-0.022766327162885385
2025-11-05,Industry B,0.03290216405441536
2025-11-06,Industry B,0.0261796770562837
2025-11-07,Industry B,-0.002615226067115968
2025-11-10,Industry B,-0.009945169632155687
2025-11-11,Industry B,0.00711478207671828
2025-11-12,Industry B,-0.028860752032615265
2025-11-13,Industry B,-0.0028222811670172375
2025-11-14,IndustryB,0.034427466526371596
2025-11-17,Industry B,0.006753888829886187
2025-11-18,industry b,-0.015237868635220225
2025-11-19,Industry B,0.013570273096970469
2025-11-20,IndustryB,-0.014641826928604343
2025-11-21,industry b,-0.026044241575470074
2025-11-24,industry b,0.014755326564962087
2025-11-25,Industry B,-0.006896609316127739
2025-11-26,Industry B,0.020430992305330933
2025-11-27,Industry B,0.022025289875497227
2025-11-28,Industry B,0.018358030835978673
2025-12-01,Industry B,0.0032907517570993916
02/12/2025,Industry B,-0.018931142055071442
2025-12-03,Ind. B,-0.01080779462805474
2025-12-04,Industry B,0.022425444227296348
2025-12-05,Industry B,0.014137187671196136
2025-12-08,Industry B,0.004564055137615002
09/12/2025,Industry B,0.0009021295987078179
2025-12-10,Industry B,0.01870459855835453
2025-12-11,Ind. B,-0.006163545006464597
2025-12-12,Industry B,0.00937689574276729
2025-12-15,Industry B,
2025-12-16,Industry B,-6.645636358225384e-05
2025-12-17,Industry B,-0.01887481616179981
2025-12-18,industry b,0.01294270223655286
2025-12-19,Ind. B,0.0042869988347061004
2025-12-22,industry b,-0.00015293679537291288
2025-12-23,Ind. B,-0.0055638692056302905
2025-12-24,industry b,
2025-12-25,Industry B,-0.024468236679863496
2025-12-26,Industry B,0.016888188909884954
29/12/2025,Industry B,-0.031439122848693025
2025-12-30,Industry B,0.021599366379497876
2025-12-31,industry b,0.017430348189869774
