entity_code,entity_name,industry,region,PD,LGD,EAD,rho,EL,portfolio
A-W20E3T,Company_A_38,Industry A,Asia,0.0071667077953435,0.5677193578394526,26938874.397447303,0.41620029330452996,109605.62573964821,Portfolio 1
A-ZL3UTG,Company_A_15,Industry A,Asia,0.0173525364546809,0.4557703606171095,31154443.006722443,0.4442096372574661,246393.3802206136,Portfolio 1
A-H8WKWS,Company_A_22,Industry A,South America,0.0222303610074104,0.3976169843656488,36314076.04037352,0.4659715864731166,320986.25901727425,Portfolio 1
A-5CRVMF,Company_A_33,Industry A,Europe,0.0187736107702894,0.371051433725741,14540527.40955621,0.4280250871547085,101288.95322119683,Portfolio 1
A-89F6D0,Company_A_23,Industry A,South America,0.0214291306980127,0.4405089339112094,8875349.051019402,0.44382677302924045,83780.8411711437,Portfolio 1
A-SE4QSN,Company_A_02,Industry A,Europe,0.0256362060348401,0.4552824558048973,38461633.08329202,0.43364332632450386,448913.21366975334,Portfolio 1
A-7Y1UPH,Company_A_27,Industry A,South America,0.0133680364113021,0.523272203388481,10404808.080774983,0.4262939214103479,72782.90053733453,Portfolio 1
A-2NTLLF,Company_A_47,Industry A,South America,0.0147073195901079,0.5299859397528236,11918344.378912384,0.4491955245905793,92899.59229864666,Portfolio 1
A-0E88G2,Company_A_43,Industry A,Asia,0.0165053478571062,0.5010027048718158,15196530.8745463,0.47397832969982173,125663.51662797101,Portfolio 1
A-GT87M2,Company_A_48,Industry A,North America,0.0266448029521849,0.470622107984787,23528697.39092006,0.4945669764425157,295041.2380663468,Portfolio 1
A-YDGV2G,Company_A_17,Industry A,Asia,0.0131165692622184,0.4188152157475385,35898894.811192736,0.4475769251616066,197207.6631317495,Portfolio 1
A-C36F0G,Company_A_25,Industry A,Asia,0.0155263649052208,0.361436345436521,31619110.795545343,0.45710311845585927,177439.89164133297,Portfolio 1
A-UQSUBF,Company_A_08,Industry A,Europe,0.0248413917729574,0.3807335107445405,29785514.38449223,0.47118500717649425,281709.9147530996,Portfolio 1
A-RX0P71,Company_A_46,Industry A,Europe,0.0211643901006858,0.5354777244791231,11131319.874960128,0.42144947140845573,126151.90991217548,Portfolio 1
A-Y21HNQ,Company_A_04,Industry A,Asia,0.0221541050150394,0.483018608927679,21744172.413033728,0.4421175605195504,232681.01834947368,Portfolio 1
A-VZS47E,Company_A_42,Industry A,South America,0.029103230788234,0.5100695190985008,10159908.371995503,0.4299445937029618,150820.4964852758,Portfolio 1
A-FVDXWD,Company_A_16,Industry A,South America,0.0267959378762021,0.4675997347177412,15791662.138349548,0.47081262670590956,197865.94887284332,Portfolio 1
A-W69IIB,Company_A_21,Industry A,Europe,0.0267414642067079,0.6202775785948131,9454666.941516371,0.43677654719400305,156825.7959644909,Portfolio 1
A-ZVBDSW,Company_A_44,Industry A,Europe,0.0230438073611222,0.5424249628885357,24258389.216789015,0.40953121160386674,303218.61787240615,Portfolio 1
A-IJCFPR,Company_A_39,Industry A,Europe,0.0123306929754193,0.5881880171331348,29675986.878346752,0.41186201633152786,215232.98422864903,Portfolio 1
A-0172SR,Company_A_45,Industry A,Europe,0.0229545316139667,0.4027117259847115,7447607.101690142,0.4117130003962028,68846.11979519608,Portfolio 1
A-PNGYIK,Company_A_40,Industry A,South America,0.0286615580270497,0.4966124193590165,21839308.56171024,0.4188496716279491,310853.8534138782,Portfolio 1
A-9XOOP3,Company_A_11,Industry A,Asia,0.0180913105300083,0.4209556922747943,32377391.834372822,0.4433585317497692,246574.56515167042,Portfolio 1
A-03PK8Q,Company_A_50,Industry A,Asia,0.0226209392140638,0.4851709284813595,31179654.51333564,0.41593128253395273,342197.39678075875,Portfolio 1
A-RSPF7A,Company_A_26,Industry A,Europe,0.0232196939663842,0.4572467925521397,33527558.367656395,0.4307501995156064,355966.46555900335,Portfolio 1
A-FKUFQE,Company_A_34,Industry A,North America,0.0211608494481312,0.4286890007992836,20688422.160971247,0.4351913016759551,187673.437023901,Portfolio 1
A-O7YD44,Company_A_37,Industry A,South America,0.0176423759627502,0.3611655452468417,33719497.892395124,0.435606320349468,214854.5148852667,Portfolio 1
A-DT5C43,Company_A_03,Industry A,Asia,0.0165953522779802,0.4352110109163791,13426357.492499432,0.48157313929933454,96971.59901845567,Portfolio 1
B-CUJ2V2,Company_B_38,Industry B,North America,0.0437620750599563,0.5625085201248153,32401684.59601034,0.5622316687287804,797617.3675031808,Portfolio 2
B-FVUAOK,Company_B_24,Industry B,Europe,0.0248162426031954,0.5189843392837443,12382703.597104952,0.551287352193609,159479.827213459,Portfolio 2
B-0T5M74,Company_B_21,Industry B,Asia,0.0492455131191174,0.5296418000808659,34784899.20182575,0.5496214370248098,907276.5147583686,Portfolio 2
B-O2NB6I,Company_B_30,Industry B,Europe,0.0352247537177965,0.4559347578430257,34693326.39213783,0.5625416940345772,557181.3981999191,Portfolio 2
B-5BIIQF,Company_B_02,Industry B,South America,0.0267414642067079,0.470622107984787,12968140.137972496,0.5535194500618448,163205.65499990666,Portfolio 2
B-KVE4NM,Company_B_22,Industry B,North America,0.0287784188073835,0.448622896022981,6768759.60275202,0.579363373057785,87389.13752885604,Portfolio 2
B-CKUMRG,Company_B_14,Industry B,North America,0.0326507484231694,0.3168593915784876,35359823.88189043,0.48012149407811433,365821.9983944803,Portfolio 2
B-MHTAKQ,Company_B_35,Industry B,South America,0.0327334580699937,0.6212518836831601,15703008.00584986,0.5637423634344465,319332.0129937203,Portfolio 2
B-9KROIO,Company_B_42,Industry B,Unknown,0.0277544532017155,0.5701663648089567,26662073.341073405,0.5280223394495596,421918.13058488286,Portfolio 2
B-6KZVQO,Company_B_32,Industry B,Europe,0.027206283706547,0.4810076158977743,31598840.92952555,0.5298950677336592,413516.0092604999,Portfolio 2
B-4Z0VCO,Company_B_34,Industry B,Asia,0.0337807908633653,0.6847825012956046,9490264.047889208,0.5498103226453037,219533.480541714,Portfolio 2
B-JI444W,Company_B_20,Industry B,North America,0.0338857059003395,0.4746622431051985,32329342.408166677,0.5331792345702223,519993.71612475376,Portfolio 2
B-MUVZTX,Company_B_11,Industry B,North America,0.0326251906128119,0.5619171116975393,30493123.801124316,0.5437609413754431,559019.8538037483,Portfolio 2
B-TB1OZ6,Company_B_31,Industry B,North America,0.0181105376834935,0.3959413947487566,23461017.052539565,0.5737007736935059,168232.1859546202,Portfolio 2
B-JRBLOP,Company_B_43,Industry B,North America,0.0343267474415366,0.397771971835267,31066982.473586395,0.5253297693899004,424195.3518094816,Portfolio 2
B-CWABH5,Company_B_06,Industry B,Asia,0.0307649950103388,0.5928296991568485,33717708.035051145,0.497642761503949,614957.1384963704,Portfolio 2
B-WWOGAM,Company_B_23,Industry B,Asia,0.030429586987347,0.4840351692577983,31227350.15946521,0.5229135005457773,459947.33721453516,Portfolio 2
B-VQT2JW,Company_B_07,Industry B,South America,0.0442446315886971,0.5361921853928844,15074920.661685389,0.5238112230496459,357631.77528697683,Portfolio 2
B-TWSM8S,Company_B_12,Industry B,South America,0.0390654396673085,0.5091520178173208,9124536.531704089,0.5094969648459604,181489.28933188642,Portfolio 2
B-QF6194,Company_B_47,Industry B,Asia,0.0278945246598982,0.470622107984787,13341848.527672105,0.5644747395665414,175148.85222024051,Portfolio 2
B-HVWXAK,Company_B_37,Industry B,South America,0.037445454357923,0.5835807896314338,22600622.79431236,0.5403926193785131,493878.930364297,Portfolio 2
B-3C5B0M,Company_B_49,Industry B,Asia,0.0260411132965198,0.4443808041150874,18828564.31417618,0.5502281576488687,217887.36341941834,Portfolio 2
B-ST9KM6,Company_B_36,Industry B,Asia,0.0383744678486786,0.3384341660679322,32541198.350750968,0.5426606811957683,422620.0608007552,Portfolio 2
B-IOC2XD,Company_B_28,Industry B,Europe,0.0387879212756317,0.4363384716897764,36960381.26215227,0.5306709093000456,625541.970950596,Portfolio 2
