entity_code_clean,date_clean,default_event_clean
A-0172SR,2006-12-31,0.0
A-0172SR,2007-12-31,0.0
A-0172SR,2008-12-31,0.0
A-0172SR,2009-12-31,0.0
A-0172SR,2010-12-31,0.0
A-0172SR,2011-12-31,0.0
A-0172SR,2012-12-31,0.0
A-0172SR,2013-12-31,0.0
A-0172SR,2014-12-31,0.0
A-0172SR,2015-12-31,0.0
A-0172SR,2016-12-31,0.0
A-0172SR,2017-12-31,0.0
A-0172SR,2018-12-31,0.0
A-0172SR,2019-12-31,0.0
A-0172SR,2020-12-31,0.0
A-0172SR,2021-12-31,0.0
A-0172SR,2022-12-31,0.0
A-0172SR,2023-12-31,0.0
A-0172SR,2024-12-31,0.0
A-0172SR,2025-12-31,0.0
A-03PK8Q,2006-12-31,0.0
A-03PK8Q,2007-12-31,0.0
A-03PK8Q,2008-12-31,0.0
A-03PK8Q,2009-12-31,0.0
A-03PK8Q,2010-12-31,0.0
A-03PK8Q,2011-12-31,0.0
A-03PK8Q,2012-12-31,0.0
A-03PK8Q,2013-12-31,1.0
A-03PK8Q,2014-12-31,0.0
A-03PK8Q,2015-12-31,0.0
A-03PK8Q,2016-12-31,0.0
A-03PK8Q,2017-12-31,0.0
A-03PK8Q,2018-12-31,0.0
A-03PK8Q,2019-12-31,0.0
A-03PK8Q,2020-12-31,0.0
A-03PK8Q,2021-12-31,0.0
A-03PK8Q,2022-12-31,0.0
A-03PK8Q,2023-12-31,0.0
A-03PK8Q,2024-12-31,0.0
A-03PK8Q,2025-12-31,0.0
A-0E88G2,2006-12-31,0.0
A-0E88G2,2007-12-31,0.0
A-0E88G2,2008-12-31,0.0
A-0E88G2,2009-12-31,0.0
A-0E88G2,2010-12-31,0.0
A-0E88G2,2011-12-31,0.0
A-0E88G2,2012-12-31,0.0
A-0E88G2,2013-12-31,0.0
A-0E88G2,2014-12-31,0.0
A-0E88G2,2015-12-31,0.0
A-0E88G2,2016-12-31,0.0
A-0E88G2,2017-12-31,0.0
A-0E88G2,2018-12-31,0.0
A-0E88G2,2019-12-31,0.0
A-0E88G2,2020-12-31,0.0
A-0E88G2,2021-12-31,0.0
A-0E88G2,2022-12-31,0.0
A-0E88G2,2023-12-31,0.0
A-0E88G2,2024-12-31,0.0
A-0E88G2,2025-12-31,0.0
A-2NTLLF,2006-12-31,0.0
A-2NTLLF,2007-12-31,0.0
A-2NTLLF,2008-12-31,0.0
A-2NTLLF,2009-12-31,0.0
A-2NTLLF,2010-12-31,0.0
A-2NTLLF,2011-12-31,0.0
A-2NTLLF,2012-12-31,0.0
A-2NTLLF,2013-12-31,0.0
A-2NTLLF,2014-12-31,0.0
A-2NTLLF,2015-12-31,0.0
A-2NTLLF,2016-12-31,0.0
A-2NTLLF,2017-12-31,0.0
A-2NTLLF,2018-12-31,0.0
A-2NTLLF,2019-12-31,1.0
A-2NTLLF,2020-12-31,0.0
A-2NTLLF,2021-12-31,0.0
A-2NTLLF,2022-12-31,0.0
A-2NTLLF,2023-12-31,0.0
A-2NTLLF,2024-12-31,0.0
A-2NTLLF,2025-12-31,0.0
A-5CRVMF,2006-12-31,0.0
A-5CRVMF,2007-12-31,0.0
A-5CRVMF,2008-12-31,0.0
A-5CRVMF,2009-12-31,0.0
A-5CRVMF,2010-12-31,0.0
A-5CRVMF,2011-12-31,0.0
A-5CRVMF,2012-12-31,0.0
A-5CRVMF,2013-12-31,0.0
A-5CRVMF,2014-12-31,0.0
A-5CRVMF,2015-12-31,0.0
A-5CRVMF,2016-12-31,0.0
A-5CRVMF,2017-12-31,0.0
A-5CRVMF,2018-12-31,0.0
A-5CRVMF,2019-12-31,0.0
A-5CRVMF,2020-12-31,0.0
A-5CRVMF,2021-12-31,0.0
A-5CRVMF,2022-12-31,0.0
A-5CRVMF,2023-12-31,0.0
A-5CRVMF,2024-12-31,0.0
A-5CRVMF,2025-12-31,0.0
A-6IIIXU,2006-12-31,0.0
A-6IIIXU,2007-12-31,0.0
A-6IIIXU,2008-12-31,0.0
A-6IIIXU,2009-12-31,0.0
A-6IIIXU,2010-12-31,0.0
A-6IIIXU,2011-12-31,0.0
A-6IIIXU,2012-12-31,0.0
A-6IIIXU,2013-12-31,0.0
A-6IIIXU,2014-12-31,0.0
A-6IIIXU,2015-12-31,0.0
A-6IIIXU,2016-12-31,0.0
A-6IIIXU,2017-12-31,0.0
A-6IIIXU,2018-12-31,0.0
A-6IIIXU,2019-12-31,0.0
A-6IIIXU,2020-12-31,0.0
A-6IIIXU,2021-12-31,0.0
A-6IIIXU,2022-12-31,0.0
A-6IIIXU,2023-12-31,0.0
A-6IIIXU,2024-12-31,0.0
A-6IIIXU,2025-12-31,0.0
A-7PF3WZ,2006-12-31,0.0
A-7PF3WZ,2007-12-31,0.0
A-7PF3WZ,2008-12-31,0.0
A-7PF3WZ,2009-12-31,0.0
A-7PF3WZ,2010-12-31,0.0
A-7PF3WZ,2011-12-31,0.0
A-7PF3WZ,2012-12-31,0.0
A-7PF3WZ,2013-12-31,0.0
A-7PF3WZ,2014-12-31,0.0
A-7PF3WZ,2015-12-31,0.0
A-7PF3WZ,2016-12-31,0.0
A-7PF3WZ,2017-12-31,0.0
A-7PF3WZ,2018-12-31,0.0
A-7PF3WZ,2019-12-31,0.0
A-7PF3WZ,2020-12-31,0.0
A-7PF3WZ,2021-12-31,0.0
A-7PF3WZ,2022-12-31,0.0
A-7PF3WZ,2023-12-31,0.0
A-7PF3WZ,2024-12-31,0.0
A-7PF3WZ,2025-12-31,0.0
A-7Y1UPH,2006-12-31,0.0
A-7Y1UPH,2007-12-31,0.0
A-7Y1UPH,2008-12-31,0.0
A-7Y1UPH,2009-12-31,0.0
A-7Y1UPH,2010-12-31,0.0
A-7Y1UPH,2011-12-31,0.0
A-7Y1UPH,2012-12-31,0.0
A-7Y1UPH,2013-12-31,0.0
A-7Y1UPH,2014-12-31,0.0
A-7Y1UPH,2015-12-31,0.0
A-7Y1UPH,2016-12-31,0.0
A-7Y1UPH,2017-12-31,0.0
A-7Y1UPH,2018-12-31,0.0
A-7Y1UPH,2019-12-31,0.0
A-7Y1UPH,2020-12-31,0.0
A-7Y1UPH,2021-12-31,0.0
A-7Y1UPH,2022-12-31,0.0
A-7Y1UPH,2023-12-31,0.0
A-7Y1UPH,2024-12-31,0.0
A-7Y1UPH,2025-12-31,0.0
A-84RXH2,2006-12-31,0.0
A-84RXH2,2007-12-31,0.0
A-84RXH2,2008-12-31,0.0
A-84RXH2,2009-12-31,0.0
A-84RXH2,2010-12-31,0.0
A-84RXH2,2011-12-31,0.0
A-84RXH2,2012-12-31,0.0
A-84RXH2,2013-12-31,0.0
A-84RXH2,2014-12-31,0.0
A-84RXH2,2015-12-31,0.0
A-84RXH2,2016-12-31,0.0
A-84RXH2,2017-12-31,0.0
A-84RXH2,2018-12-31,0.0
A-84RXH2,2019-12-31,0.0
A-84RXH2,2020-12-31,0.0
A-84RXH2,2021-12-31,0.0
A-84RXH2,2022-12-31,0.0
A-84RXH2,2023-12-31,0.0
A-84RXH2,2024-12-31,0.0
A-84RXH2,2025-12-31,0.0
A-89F6D0,2006-12-31,0.0
A-89F6D0,2007-12-31,0.0
A-89F6D0,2008-12-31,0.0
A-89F6D0,2009-12-31,0.0
A-89F6D0,2010-12-31,0.0
A-89F6D0,2011-12-31,1.0
A-89F6D0,2012-12-31,0.0
A-89F6D0,2013-12-31,0.0
A-89F6D0,2014-12-31,0.0
A-89F6D0,2015-12-31,0.0
A-89F6D0,2016-12-31,0.0
A-89F6D0,2017-12-31,0.0
A-89F6D0,2018-12-31,0.0
A-89F6D0,2019-12-31,0.0
A-89F6D0,2020-12-31,0.0
A-89F6D0,2021-12-31,0.0
A-89F6D0,2022-12-31,0.0
A-89F6D0,2023-12-31,0.0
A-89F6D0,2024-12-31,0.0
A-89F6D0,2025-12-31,0.0
A-94BI3C,2006-12-31,0.0
A-94BI3C,2007-12-31,1.0
A-94BI3C,2008-12-31,0.0
A-94BI3C,2009-12-31,0.0
A-94BI3C,2010-12-31,0.0
A-94BI3C,2011-12-31,0.0
A-94BI3C,2012-12-31,0.0
A-94BI3C,2013-12-31,0.0
A-94BI3C,2014-12-31,0.0
A-94BI3C,2015-12-31,0.0
A-94BI3C,2016-12-31,0.0
A-94BI3C,2017-12-31,0.0
A-94BI3C,2018-12-31,0.0
A-94BI3C,2019-12-31,0.0
A-94BI3C,2020-12-31,0.0
A-94BI3C,2021-12-31,0.0
A-94BI3C,2022-12-31,0.0
A-94BI3C,2023-12-31,0.0
A-94BI3C,2024-12-31,0.0
A-94BI3C,2025-12-31,0.0
A-9XOOP3,2006-12-31,0.0
A-9XOOP3,2007-12-31,0.0
A-9XOOP3,2008-12-31,0.0
A-9XOOP3,2009-12-31,1.0
A-9XOOP3,2010-12-31,0.0
A-9XOOP3,2011-12-31,0.0
A-9XOOP3,2012-12-31,0.0
A-9XOOP3,2013-12-31,0.0
A-9XOOP3,2014-12-31,0.0
A-9XOOP3,2015-12-31,0.0
A-9XOOP3,2016-12-31,0.0
A-9XOOP3,2017-12-31,0.0
A-9XOOP3,2018-12-31,0.0
A-9XOOP3,2019-12-31,0.0
A-9XOOP3,2020-12-31,0.0
A-9XOOP3,2021-12-31,0.0
A-9XOOP3,2022-12-31,0.0
A-9XOOP3,2023-12-31,0.0
A-9XOOP3,2024-12-31,0.0
A-9XOOP3,2025-12-31,0.0
A-C36F0G,2006-12-31,0.0
A-C36F0G,2007-12-31,0.0
A-C36F0G,2008-12-31,0.0
A-C36F0G,2009-12-31,0.0
A-C36F0G,2010-12-31,0.0
A-C36F0G,2011-12-31,0.0
A-C36F0G,2012-12-31,0.0
A-C36F0G,2013-12-31,0.0
A-C36F0G,2014-12-31,1.0
A-C36F0G,2015-12-31,0.0
A-C36F0G,2016-12-31,0.0
A-C36F0G,2017-12-31,0.0
A-C36F0G,2018-12-31,0.0
A-C36F0G,2019-12-31,0.0
A-C36F0G,2020-12-31,0.0
A-C36F0G,2021-12-31,0.0
A-C36F0G,2022-12-31,0.0
A-C36F0G,2023-12-31,0.0
A-C36F0G,2024-12-31,0.0
A-C36F0G,2025-12-31,0.0
A-D1XPP4,2006-12-31,0.0
A-D1XPP4,2007-12-31,0.0
A-D1XPP4,2008-12-31,0.0
A-D1XPP4,2009-12-31,0.0
A-D1XPP4,2010-12-31,0.0
A-D1XPP4,2011-12-31,0.0
A-D1XPP4,2012-12-31,0.0
A-D1XPP4,2013-12-31,0.0
A-D1XPP4,2014-12-31,0.0
A-D1XPP4,2015-12-31,0.0
A-D1XPP4,2016-12-31,0.0
A-D1XPP4,2017-12-31,0.0
A-D1XPP4,2018-12-31,0.0
A-D1XPP4,2019-12-31,0.0
A-D1XPP4,2020-12-31,0.0
A-D1XPP4,2021-12-31,0.0
A-D1XPP4,2022-12-31,0.0
A-D1XPP4,2023-12-31,0.0
A-D1XPP4,2024-12-31,0.0
A-D1XPP4,2025-12-31,0.0
A-DT5C43,2006-12-31,0.0
A-DT5C43,2007-12-31,0.0
A-DT5C43,2008-12-31,0.0
A-DT5C43,2009-12-31,0.0
A-DT5C43,2010-12-31,0.0
A-DT5C43,2011-12-31,0.0
A-DT5C43,2012-12-31,0.0
A-DT5C43,2013-12-31,0.0
A-DT5C43,2014-12-31,0.0
A-DT5C43,2015-12-31,0.0
A-DT5C43,2016-12-31,0.0
A-DT5C43,2017-12-31,0.0
A-DT5C43,2018-12-31,0.0
A-DT5C43,2019-12-31,0.0
A-DT5C43,2020-12-31,0.0
A-DT5C43,2021-12-31,0.0
A-DT5C43,2022-12-31,0.0
A-DT5C43,2023-12-31,0.0
A-DT5C43,2024-12-31,0.0
A-DT5C43,2025-12-31,0.0
A-EX85JQ,2006-12-31,0.0
A-EX85JQ,2007-12-31,0.0
A-EX85JQ,2008-12-31,0.0
A-EX85JQ,2009-12-31,0.0
A-EX85JQ,2010-12-31,0.0
A-EX85JQ,2011-12-31,0.0
A-EX85JQ,2012-12-31,0.0
A-EX85JQ,2013-12-31,0.0
A-EX85JQ,2014-12-31,0.0
A-EX85JQ,2015-12-31,0.0
A-EX85JQ,2016-12-31,0.0
A-EX85JQ,2017-12-31,0.0
A-EX85JQ,2018-12-31,0.0
A-EX85JQ,2019-12-31,0.0
A-EX85JQ,2020-12-31,0.0
A-EX85JQ,2021-12-31,0.0
A-EX85JQ,2022-12-31,0.0
A-EX85JQ,2023-12-31,0.0
A-EX85JQ,2024-12-31,0.0
A-EX85JQ,2025-12-31,0.0
A-F8PRQ2,2006-12-31,0.0
A-F8PRQ2,2007-12-31,0.0
A-F8PRQ2,2008-12-31,0.0
A-F8PRQ2,2009-12-31,0.0
A-F8PRQ2,2010-12-31,0.0
A-F8PRQ2,2011-12-31,0.0
A-F8PRQ2,2012-12-31,0.0
A-F8PRQ2,2013-12-31,0.0
A-F8PRQ2,2014-12-31,1.0
A-F8PRQ2,2015-12-31,0.0
A-F8PRQ2,2016-12-31,0.0
A-F8PRQ2,2017-12-31,0.0
A-F8PRQ2,2018-12-31,0.0
A-F8PRQ2,2019-12-31,0.0
A-F8PRQ2,2020-12-31,0.0
A-F8PRQ2,2021-12-31,0.0
A-F8PRQ2,2022-12-31,0.0
A-F8PRQ2,2023-12-31,0.0
A-F8PRQ2,2024-12-31,0.0
A-F8PRQ2,2025-12-31,0.0
A-FKUFQE,2006-12-31,0.0
A-FKUFQE,2007-12-31,0.0
A-FKUFQE,2008-12-31,0.0
A-FKUFQE,2009-12-31,0.0
A-FKUFQE,2010-12-31,0.0
A-FKUFQE,2011-12-31,0.0
A-FKUFQE,2012-12-31,0.0
A-FKUFQE,2013-12-31,0.0
A-FKUFQE,2014-12-31,0.0
A-FKUFQE,2015-12-31,0.0
A-FKUFQE,2016-12-31,0.0
A-FKUFQE,2017-12-31,0.0
A-FKUFQE,2018-12-31,0.0
A-FKUFQE,2019-12-31,0.0
A-FKUFQE,2020-12-31,0.0
A-FKUFQE,2021-12-31,0.0
A-FKUFQE,2022-12-31,0.0
A-FKUFQE,2023-12-31,0.0
A-FKUFQE,2024-12-31,0.0
A-FKUFQE,2025-12-31,0.0
A-FVDXWD,2006-12-31,0.0
A-FVDXWD,2007-12-31,0.0
A-FVDXWD,2008-12-31,0.0
A-FVDXWD,2009-12-31,0.0
A-FVDXWD,2010-12-31,0.0
A-FVDXWD,2011-12-31,0.0
A-FVDXWD,2012-12-31,0.0
A-FVDXWD,2013-12-31,0.0
A-FVDXWD,2014-12-31,0.0
A-FVDXWD,2015-12-31,0.0
A-FVDXWD,2016-12-31,0.0
A-FVDXWD,2017-12-31,0.0
A-FVDXWD,2018-12-31,0.0
A-FVDXWD,2019-12-31,0.0
A-FVDXWD,2020-12-31,0.0
A-FVDXWD,2021-12-31,0.0
A-FVDXWD,2022-12-31,0.0
A-FVDXWD,2023-12-31,0.0
A-FVDXWD,2024-12-31,0.0
A-FVDXWD,2025-12-31,0.0
A-G702PQ,2006-12-31,0.0
A-G702PQ,2007-12-31,0.0
A-G702PQ,2008-12-31,0.0
A-G702PQ,2009-12-31,0.0
A-G702PQ,2010-12-31,0.0
A-G702PQ,2011-12-31,1.0
A-G702PQ,2012-12-31,0.0
A-G702PQ,2013-12-31,0.0
A-G702PQ,2014-12-31,0.0
A-G702PQ,2015-12-31,0.0
A-G702PQ,2016-12-31,0.0
A-G702PQ,2017-12-31,0.0
A-G702PQ,2018-12-31,0.0
A-G702PQ,2019-12-31,0.0
A-G702PQ,2020-12-31,0.0
A-G702PQ,2021-12-31,0.0
A-G702PQ,2022-12-31,0.0
A-G702PQ,2023-12-31,0.0
A-G702PQ,2024-12-31,0.0
A-G702PQ,2025-12-31,0.0
A-GT87M2,2006-12-31,0.0
A-GT87M2,2007-12-31,0.0
A-GT87M2,2008-12-31,0.0
A-GT87M2,2009-12-31,0.0
A-GT87M2,2010-12-31,0.0
A-GT87M2,2011-12-31,0.0
A-GT87M2,2012-12-31,0.0
A-GT87M2,2013-12-31,0.0
A-GT87M2,2014-12-31,0.0
A-GT87M2,2015-12-31,0.0
A-GT87M2,2016-12-31,0.0
A-GT87M2,2017-12-31,0.0
A-GT87M2,2018-12-31,0.0
A-GT87M2,2019-12-31,0.0
A-GT87M2,2020-12-31,0.0
A-GT87M2,2021-12-31,0.0
A-GT87M2,2022-12-31,0.0
A-GT87M2,2023-12-31,0.0
A-GT87M2,2024-12-31,0.0
A-GT87M2,2025-12-31,0.0
A-H8WKWS,2006-12-31,0.0
A-H8WKWS,2007-12-31,0.0
A-H8WKWS,2008-12-31,0.0
A-H8WKWS,2009-12-31,0.0
A-H8WKWS,2010-12-31,0.0
A-H8WKWS,2011-12-31,0.0
A-H8WKWS,2012-12-31,0.0
A-H8WKWS,2013-12-31,0.0
A-H8WKWS,2014-12-31,0.0
A-H8WKWS,2015-12-31,0.0
A-H8WKWS,2016-12-31,0.0
A-H8WKWS,2017-12-31,0.0
A-H8WKWS,2018-12-31,0.0
A-H8WKWS,2019-12-31,0.0
A-H8WKWS,2020-12-31,0.0
A-H8WKWS,2021-12-31,0.0
A-H8WKWS,2022-12-31,0.0
A-H8WKWS,2023-12-31,0.0
A-H8WKWS,2024-12-31,0.0
A-H8WKWS,2025-12-31,0.0
A-IJCFPR,2006-12-31,0.0
A-IJCFPR,2007-12-31,0.0
A-IJCFPR,2008-12-31,0.0
A-IJCFPR,2009-12-31,0.0
A-IJCFPR,2010-12-31,0.0
A-IJCFPR,2011-12-31,0.0
A-IJCFPR,2012-12-31,0.0
A-IJCFPR,2013-12-31,0.0
A-IJCFPR,2014-12-31,0.0
A-IJCFPR,2015-12-31,0.0
A-IJCFPR,2016-12-31,0.0
A-IJCFPR,2017-12-31,0.0
A-IJCFPR,2018-12-31,0.0
A-IJCFPR,2019-12-31,0.0
A-IJCFPR,2020-12-31,0.0
A-IJCFPR,2021-12-31,0.0
A-IJCFPR,2022-12-31,0.0
A-IJCFPR,2023-12-31,0.0
A-IJCFPR,2024-12-31,0.0
A-IJCFPR,2025-12-31,0.0
A-IYWF3H,2006-12-31,0.0
A-IYWF3H,2007-12-31,0.0
A-IYWF3H,2008-12-31,0.0
A-IYWF3H,2009-12-31,0.0
A-IYWF3H,2010-12-31,0.0
A-IYWF3H,2011-12-31,0.0
A-IYWF3H,2012-12-31,0.0
A-IYWF3H,2013-12-31,0.0
A-IYWF3H,2014-12-31,0.0
A-IYWF3H,2015-12-31,0.0
A-IYWF3H,2016-12-31,0.0
A-IYWF3H,2017-12-31,0.0
A-IYWF3H,2018-12-31,0.0
A-IYWF3H,2019-12-31,0.0
A-IYWF3H,2020-12-31,0.0
A-IYWF3H,2021-12-31,0.0
A-IYWF3H,2022-12-31,0.0
A-IYWF3H,2023-12-31,0.0
A-IYWF3H,2024-12-31,0.0
A-IYWF3H,2025-12-31,0.0
A-J2JZ2Q,2006-12-31,0.0
A-J2JZ2Q,2007-12-31,0.0
A-J2JZ2Q,2008-12-31,0.0
A-J2JZ2Q,2009-12-31,0.0
A-J2JZ2Q,2010-12-31,0.0
A-J2JZ2Q,2011-12-31,0.0
A-J2JZ2Q,2012-12-31,0.0
A-J2JZ2Q,2013-12-31,0.0
A-J2JZ2Q,2014-12-31,0.0
A-J2JZ2Q,2015-12-31,0.0
A-J2JZ2Q,2016-12-31,0.0
A-J2JZ2Q,2017-12-31,0.0
A-J2JZ2Q,2018-12-31,0.0
A-J2JZ2Q,2019-12-31,0.0
A-J2JZ2Q,2020-12-31,0.0
A-J2JZ2Q,2021-12-31,0.0
A-J2JZ2Q,2022-12-31,0.0
A-J2JZ2Q,2023-12-31,0.0
A-J2JZ2Q,2024-12-31,0.0
A-J2JZ2Q,2025-12-31,0.0
A-MXON5D,2006-12-31,0.0
A-MXON5D,2007-12-31,0.0
A-MXON5D,2008-12-31,0.0
A-MXON5D,2009-12-31,0.0
A-MXON5D,2010-12-31,0.0
A-MXON5D,2011-12-31,0.0
A-MXON5D,2012-12-31,0.0
A-MXON5D,2013-12-31,0.0
A-MXON5D,2014-12-31,0.0
A-MXON5D,2015-12-31,0.0
A-MXON5D,2016-12-31,0.0
A-MXON5D,2017-12-31,0.0
A-MXON5D,2018-12-31,0.0
A-MXON5D,2019-12-31,0.0
A-MXON5D,2020-12-31,0.0
A-MXON5D,2021-12-31,0.0
A-MXON5D,2022-12-31,0.0
A-MXON5D,2023-12-31,0.0
A-MXON5D,2024-12-31,0.0
A-MXON5D,2025-12-31,0.0
A-O7YD44,2006-12-31,1.0
A-O7YD44,2007-12-31,0.0
A-O7YD44,2008-12-31,0.0
A-O7YD44,2009-12-31,0.0
A-O7YD44,2010-12-31,0.0
A-O7YD44,2011-12-31,0.0
A-O7YD44,2012-12-31,0.0
A-O7YD44,2013-12-31,0.0
A-O7YD44,2014-12-31,0.0
A-O7YD44,2015-12-31,0.0
A-O7YD44,2016-12-31,0.0
A-O7YD44,2017-12-31,0.0
A-O7YD44,2018-12-31,0.0
A-O7YD44,2019-12-31,1.0
A-O7YD44,2020-12-31,0.0
A-O7YD44,2021-12-31,0.0
A-O7YD44,2022-12-31,0.0
A-O7YD44,2023-12-31,0.0
A-O7YD44,2024-12-31,0.0
A-O7YD44,2025-12-31,0.0
A-OL6NCQ,2006-12-31,0.0
A-OL6NCQ,2007-12-31,0.0
A-OL6NCQ,2008-12-31,0.0
A-OL6NCQ,2009-12-31,0.0
A-OL6NCQ,2010-12-31,0.0
A-OL6NCQ,2011-12-31,0.0
A-OL6NCQ,2012-12-31,0.0
A-OL6NCQ,2013-12-31,0.0
A-OL6NCQ,2014-12-31,0.0
A-OL6NCQ,2015-12-31,0.0
A-OL6NCQ,2016-12-31,0.0
A-OL6NCQ,2017-12-31,0.0
A-OL6NCQ,2018-12-31,0.0
A-OL6NCQ,2019-12-31,0.0
A-OL6NCQ,2020-12-31,0.0
A-OL6NCQ,2021-12-31,0.0
A-OL6NCQ,2022-12-31,0.0
A-OL6NCQ,2023-12-31,0.0
A-OL6NCQ,2024-12-31,0.0
A-OL6NCQ,2025-12-31,0.0
A-PEJ45W,2006-12-31,0.0
A-PEJ45W,2007-12-31,0.0
A-PEJ45W,2008-12-31,0.0
A-PEJ45W,2009-12-31,0.0
A-PEJ45W,2010-12-31,0.0
A-PEJ45W,2011-12-31,1.0
A-PEJ45W,2012-12-31,0.0
A-PEJ45W,2013-12-31,0.0
A-PEJ45W,2014-12-31,0.0
A-PEJ45W,2015-12-31,0.0
A-PEJ45W,2016-12-31,0.0
A-PEJ45W,2017-12-31,0.0
A-PEJ45W,2018-12-31,0.0
A-PEJ45W,2019-12-31,0.0
A-PEJ45W,2020-12-31,0.0
A-PEJ45W,2021-12-31,0.0
A-PEJ45W,2022-12-31,0.0
A-PEJ45W,2023-12-31,0.0
A-PEJ45W,2024-12-31,0.0
A-PEJ45W,2025-12-31,0.0
A-PNGYIK,2006-12-31,0.0
A-PNGYIK,2007-12-31,0.0
A-PNGYIK,2008-12-31,0.0
A-PNGYIK,2009-12-31,0.0
A-PNGYIK,2010-12-31,0.0
A-PNGYIK,2011-12-31,0.0
A-PNGYIK,2012-12-31,0.0
A-PNGYIK,2013-12-31,0.0
A-PNGYIK,2014-12-31,0.0
A-PNGYIK,2015-12-31,0.0
A-PNGYIK,2016-12-31,0.0
A-PNGYIK,2017-12-31,0.0
A-PNGYIK,2018-12-31,0.0
A-PNGYIK,2019-12-31,0.0
A-PNGYIK,2020-12-31,0.0
A-PNGYIK,2021-12-31,0.0
A-PNGYIK,2022-12-31,0.0
A-PNGYIK,2023-12-31,0.0
A-PNGYIK,2024-12-31,0.0
A-PNGYIK,2025-12-31,0.0
A-QIMT1V,2006-12-31,0.0
A-QIMT1V,2007-12-31,0.0
A-QIMT1V,2008-12-31,0.0
A-QIMT1V,2009-12-31,0.0
A-QIMT1V,2010-12-31,0.0
A-QIMT1V,2011-12-31,0.0
A-QIMT1V,2012-12-31,0.0
A-QIMT1V,2013-12-31,0.0
A-QIMT1V,2014-12-31,0.0
A-QIMT1V,2015-12-31,0.0
A-QIMT1V,2016-12-31,0.0
A-QIMT1V,2017-12-31,0.0
A-QIMT1V,2018-12-31,0.0
A-QIMT1V,2019-12-31,0.0
A-QIMT1V,2020-12-31,0.0
A-QIMT1V,2021-12-31,0.0
A-QIMT1V,2022-12-31,0.0
A-QIMT1V,2023-12-31,0.0
A-QIMT1V,2024-12-31,0.0
A-QIMT1V,2025-12-31,0.0
A-RAVTFW,2006-12-31,0.0
A-RAVTFW,2007-12-31,0.0
A-RAVTFW,2008-12-31,0.0
A-RAVTFW,2009-12-31,0.0
A-RAVTFW,2010-12-31,0.0
A-RAVTFW,2011-12-31,0.0
A-RAVTFW,2012-12-31,0.0
A-RAVTFW,2013-12-31,0.0
A-RAVTFW,2014-12-31,0.0
A-RAVTFW,2015-12-31,0.0
A-RAVTFW,2016-12-31,0.0
A-RAVTFW,2017-12-31,0.0
A-RAVTFW,2018-12-31,0.0
A-RAVTFW,2019-12-31,0.0
A-RAVTFW,2020-12-31,0.0
A-RAVTFW,2021-12-31,0.0
A-RAVTFW,2022-12-31,0.0
A-RAVTFW,2023-12-31,0.0
A-RAVTFW,2024-12-31,0.0
A-RAVTFW,2025-12-31,0.0
A-RSPF7A,2006-12-31,0.0
A-RSPF7A,2007-12-31,0.0
A-RSPF7A,2008-12-31,0.0
A-RSPF7A,2009-12-31,0.0
A-RSPF7A,2010-12-31,0.0
A-RSPF7A,2011-12-31,0.0
A-RSPF7A,2012-12-31,0.0
A-RSPF7A,2013-12-31,0.0
A-RSPF7A,2014-12-31,0.0
A-RSPF7A,2015-12-31,1.0
A-RSPF7A,2016-12-31,0.0
A-RSPF7A,2017-12-31,0.0
A-RSPF7A,2018-12-31,0.0
A-RSPF7A,2019-12-31,0.0
A-RSPF7A,2020-12-31,0.0
A-RSPF7A,2021-12-31,0.0
A-RSPF7A,2022-12-31,0.0
A-RSPF7A,2023-12-31,0.0
A-RSPF7A,2024-12-31,0.0
A-RSPF7A,2025-12-31,0.0
A-RX0P71,2006-12-31,0.0
A-RX0P71,2007-12-31,0.0
A-RX0P71,2008-12-31,0.0
A-RX0P71,2009-12-31,0.0
A-RX0P71,2010-12-31,0.0
A-RX0P71,2011-12-31,0.0
A-RX0P71,2012-12-31,0.0
A-RX0P71,2013-12-31,0.0
A-RX0P71,2014-12-31,0.0
A-RX0P71,2015-12-31,0.0
A-RX0P71,2016-12-31,0.0
A-RX0P71,2017-12-31,0.0
A-RX0P71,2018-12-31,0.0
A-RX0P71,2019-12-31,0.0
A-RX0P71,2020-12-31,0.0
A-RX0P71,2021-12-31,0.0
A-RX0P71,2022-12-31,0.0
A-RX0P71,2023-12-31,0.0
A-RX0P71,2024-12-31,0.0
A-RX0P71,2025-12-31,0.0
A-SE4QSN,2006-12-31,0.0
A-SE4QSN,2007-12-31,0.0
A-SE4QSN,2008-12-31,0.0
A-SE4QSN,2009-12-31,0.0
A-SE4QSN,2010-12-31,0.0
A-SE4QSN,2011-12-31,0.0
A-SE4QSN,2012-12-31,0.0
A-SE4QSN,2013-12-31,0.0
A-SE4QSN,2014-12-31,0.0
A-SE4QSN,2015-12-31,0.0
A-SE4QSN,2016-12-31,0.0
A-SE4QSN,2017-12-31,0.0
A-SE4QSN,2018-12-31,0.0
A-SE4QSN,2019-12-31,0.0
A-SE4QSN,2020-12-31,0.0
A-SE4QSN,2021-12-31,0.0
A-SE4QSN,2022-12-31,0.0
A-SE4QSN,2023-12-31,0.0
A-SE4QSN,2024-12-31,0.0
A-SE4QSN,2025-12-31,0.0
A-SY2O3L,2006-12-31,0.0
A-SY2O3L,2007-12-31,0.0
A-SY2O3L,2008-12-31,0.0
A-SY2O3L,2009-12-31,0.0
A-SY2O3L,2010-12-31,0.0
A-SY2O3L,2011-12-31,0.0
A-SY2O3L,2012-12-31,0.0
A-SY2O3L,2013-12-31,0.0
A-SY2O3L,2014-12-31,0.0
A-SY2O3L,2015-12-31,0.0
A-SY2O3L,2016-12-31,0.0
A-SY2O3L,2017-12-31,0.0
A-SY2O3L,2018-12-31,0.0
A-SY2O3L,2019-12-31,0.0
A-SY2O3L,2020-12-31,0.0
A-SY2O3L,2021-12-31,0.0
A-SY2O3L,2022-12-31,0.0
A-SY2O3L,2023-12-31,0.0
A-SY2O3L,2024-12-31,0.0
A-SY2O3L,2025-12-31,0.0
A-TFKTLD,2006-12-31,0.0
A-TFKTLD,2007-12-31,0.0
A-TFKTLD,2008-12-31,0.0
A-TFKTLD,2009-12-31,0.0
A-TFKTLD,2010-12-31,0.0
A-TFKTLD,2011-12-31,0.0
A-TFKTLD,2012-12-31,0.0
A-TFKTLD,2013-12-31,0.0
A-TFKTLD,2014-12-31,0.0
A-TFKTLD,2015-12-31,0.0
A-TFKTLD,2016-12-31,0.0
A-TFKTLD,2017-12-31,0.0
A-TFKTLD,2018-12-31,0.0
A-TFKTLD,2019-12-31,0.0
A-TFKTLD,2020-12-31,0.0
A-TFKTLD,2021-12-31,0.0
A-TFKTLD,2022-12-31,0.0
A-TFKTLD,2023-12-31,0.0
A-TFKTLD,2024-12-31,0.0
A-TFKTLD,2025-12-31,0.0
A-TR3J8L,2006-12-31,0.0
A-TR3J8L,2007-12-31,0.0
A-TR3J8L,2008-12-31,0.0
A-TR3J8L,2009-12-31,0.0
A-TR3J8L,2010-12-31,0.0
A-TR3J8L,2011-12-31,0.0
A-TR3J8L,2012-12-31,0.0
A-TR3J8L,2013-12-31,0.0
A-TR3J8L,2014-12-31,0.0
A-TR3J8L,2015-12-31,0.0
A-TR3J8L,2016-12-31,0.0
A-TR3J8L,2017-12-31,0.0
A-TR3J8L,2018-12-31,0.0
A-TR3J8L,2019-12-31,0.0
A-TR3J8L,2020-12-31,0.0
A-TR3J8L,2021-12-31,0.0
A-TR3J8L,2022-12-31,0.0
A-TR3J8L,2023-12-31,0.0
A-TR3J8L,2024-12-31,0.0
A-TR3J8L,2025-12-31,0.0
A-U7CO9K,2006-12-31,1.0
A-U7CO9K,2007-12-31,0.0
A-U7CO9K,2008-12-31,0.0
A-U7CO9K,2009-12-31,0.0
A-U7CO9K,2010-12-31,0.0
A-U7CO9K,2011-12-31,0.0
A-U7CO9K,2012-12-31,0.0
A-U7CO9K,2013-12-31,0.0
A-U7CO9K,2014-12-31,0.0
A-U7CO9K,2015-12-31,0.0
A-U7CO9K,2016-12-31,0.0
A-U7CO9K,2017-12-31,0.0
A-U7CO9K,2018-12-31,0.0
A-U7CO9K,2019-12-31,0.0
A-U7CO9K,2020-12-31,1.0
A-U7CO9K,2021-12-31,0.0
A-U7CO9K,2022-12-31,0.0
A-U7CO9K,2023-12-31,0.0
A-U7CO9K,2024-12-31,0.0
A-U7CO9K,2025-12-31,0.0
A-UQSUBF,2006-12-31,0.0
A-UQSUBF,2007-12-31,0.0
A-UQSUBF,2008-12-31,0.0
A-UQSUBF,2009-12-31,0.0
A-UQSUBF,2010-12-31,0.0
A-UQSUBF,2011-12-31,0.0
A-UQSUBF,2012-12-31,0.0
A-UQSUBF,2013-12-31,0.0
A-UQSUBF,2014-12-31,0.0
A-UQSUBF,2015-12-31,0.0
A-UQSUBF,2016-12-31,0.0
A-UQSUBF,2017-12-31,0.0
A-UQSUBF,2018-12-31,0.0
A-UQSUBF,2019-12-31,0.0
A-UQSUBF,2020-12-31,0.0
A-UQSUBF,2021-12-31,0.0
A-UQSUBF,2022-12-31,0.0
A-UQSUBF,2023-12-31,0.0
A-UQSUBF,2024-12-31,0.0
A-UQSUBF,2025-12-31,0.0
A-UWUTDU,2006-12-31,0.0
A-UWUTDU,2007-12-31,0.0
A-UWUTDU,2008-12-31,0.0
A-UWUTDU,2009-12-31,0.0
A-UWUTDU,2010-12-31,0.0
A-UWUTDU,2011-12-31,0.0
A-UWUTDU,2012-12-31,0.0
A-UWUTDU,2013-12-31,0.0
A-UWUTDU,2014-12-31,0.0
A-UWUTDU,2015-12-31,0.0
A-UWUTDU,2016-12-31,0.0
A-UWUTDU,2017-12-31,0.0
A-UWUTDU,2018-12-31,0.0
A-UWUTDU,2019-12-31,0.0
A-UWUTDU,2020-12-31,0.0
A-UWUTDU,2021-12-31,0.0
A-UWUTDU,2022-12-31,0.0
A-UWUTDU,2023-12-31,0.0
A-UWUTDU,2024-12-31,0.0
A-UWUTDU,2025-12-31,0.0
A-VN8DME,2006-12-31,0.0
A-VN8DME,2007-12-31,0.0
A-VN8DME,2008-12-31,0.0
A-VN8DME,2009-12-31,0.0
A-VN8DME,2010-12-31,0.0
A-VN8DME,2011-12-31,0.0
A-VN8DME,2012-12-31,0.0
A-VN8DME,2013-12-31,0.0
A-VN8DME,2014-12-31,0.0
A-VN8DME,2015-12-31,0.0
A-VN8DME,2016-12-31,0.0
A-VN8DME,2017-12-31,0.0
A-VN8DME,2018-12-31,0.0
A-VN8DME,2019-12-31,0.0
A-VN8DME,2020-12-31,0.0
A-VN8DME,2021-12-31,0.0
A-VN8DME,2022-12-31,0.0
A-VN8DME,2023-12-31,0.0
A-VN8DME,2024-12-31,0.0
A-VN8DME,2025-12-31,0.0
A-VZS47E,2006-12-31,0.0
A-VZS47E,2007-12-31,0.0
A-VZS47E,2008-12-31,0.0
A-VZS47E,2009-12-31,0.0
A-VZS47E,2010-12-31,0.0
A-VZS47E,2011-12-31,1.0
A-VZS47E,2012-12-31,0.0
A-VZS47E,2013-12-31,0.0
A-VZS47E,2014-12-31,0.0
A-VZS47E,2015-12-31,1.0
A-VZS47E,2016-12-31,0.0
A-VZS47E,2017-12-31,0.0
A-VZS47E,2018-12-31,0.0
A-VZS47E,2019-12-31,0.0
A-VZS47E,2020-12-31,0.0
A-VZS47E,2021-12-31,0.0
A-VZS47E,2022-12-31,0.0
A-VZS47E,2023-12-31,0.0
A-VZS47E,2024-12-31,0.0
A-VZS47E,2025-12-31,0.0
A-W20E3T,2006-12-31,0.0
A-W20E3T,2007-12-31,0.0
A-W20E3T,2008-12-31,0.0
A-W20E3T,2009-12-31,0.0
A-W20E3T,2010-12-31,0.0
A-W20E3T,2011-12-31,0.0
A-W20E3T,2012-12-31,0.0
A-W20E3T,2013-12-31,0.0
A-W20E3T,2014-12-31,0.0
A-W20E3T,2015-12-31,0.0
A-W20E3T,2016-12-31,0.0
A-W20E3T,2017-12-31,0.0
A-W20E3T,2018-12-31,0.0
A-W20E3T,2019-12-31,0.0
A-W20E3T,2020-12-31,0.0
A-W20E3T,2021-12-31,0.0
A-W20E3T,2022-12-31,0.0
A-W20E3T,2023-12-31,0.0
A-W20E3T,2024-12-31,0.0
A-W20E3T,2025-12-31,0.0
A-W69IIB,2006-12-31,0.0
A-W69IIB,2007-12-31,0.0
A-W69IIB,2008-12-31,0.0
A-W69IIB,2009-12-31,0.0
A-W69IIB,2010-12-31,0.0
A-W69IIB,2011-12-31,0.0
A-W69IIB,2012-12-31,0.0
A-W69IIB,2013-12-31,0.0
A-W69IIB,2014-12-31,0.0
A-W69IIB,2015-12-31,0.0
A-W69IIB,2016-12-31,0.0
A-W69IIB,2017-12-31,0.0
A-W69IIB,2018-12-31,0.0
A-W69IIB,2019-12-31,0.0
A-W69IIB,2020-12-31,0.0
A-W69IIB,2021-12-31,0.0
A-W69IIB,2022-12-31,0.0
A-W69IIB,2023-12-31,0.0
A-W69IIB,2024-12-31,0.0
A-W69IIB,2025-12-31,0.0
A-Y21HNQ,2006-12-31,0.0
A-Y21HNQ,2007-12-31,0.0
A-Y21HNQ,2008-12-31,0.0
A-Y21HNQ,2009-12-31,0.0
A-Y21HNQ,2010-12-31,0.0
A-Y21HNQ,2011-12-31,0.0
A-Y21HNQ,2012-12-31,0.0
A-Y21HNQ,2013-12-31,0.0
A-Y21HNQ,2014-12-31,0.0
A-Y21HNQ,2015-12-31,0.0
A-Y21HNQ,2016-12-31,0.0
A-Y21HNQ,2017-12-31,0.0
A-Y21HNQ,2018-12-31,0.0
A-Y21HNQ,2019-12-31,0.0
A-Y21HNQ,2020-12-31,0.0
A-Y21HNQ,2021-12-31,0.0
A-Y21HNQ,2022-12-31,0.0
A-Y21HNQ,2023-12-31,0.0
A-Y21HNQ,2024-12-31,0.0
A-Y21HNQ,2025-12-31,0.0
A-YDGV2G,2006-12-31,0.0
A-YDGV2G,2007-12-31,0.0
A-YDGV2G,2008-12-31,0.0
A-YDGV2G,2009-12-31,0.0
A-YDGV2G,2010-12-31,0.0
A-YDGV2G,2011-12-31,0.0
A-YDGV2G,2012-12-31,0.0
A-YDGV2G,2013-12-31,0.0
A-YDGV2G,2014-12-31,0.0
A-YDGV2G,2015-12-31,0.0
A-YDGV2G,2016-12-31,0.0
A-YDGV2G,2017-12-31,0.0
A-YDGV2G,2018-12-31,0.0
A-YDGV2G,2019-12-31,0.0
A-YDGV2G,2020-12-31,0.0
A-YDGV2G,2021-12-31,0.0
A-YDGV2G,2022-12-31,0.0
A-YDGV2G,2023-12-31,0.0
A-YDGV2G,2024-12-31,0.0
A-YDGV2G,2025-12-31,0.0
A-ZF6S7F,2006-12-31,0.0
A-ZF6S7F,2007-12-31,0.0
A-ZF6S7F,2008-12-31,0.0
A-ZF6S7F,2009-12-31,0.0
A-ZF6S7F,2010-12-31,0.0
A-ZF6S7F,2011-12-31,0.0
A-ZF6S7F,2012-12-31,0.0
A-ZF6S7F,2013-12-31,0.0
A-ZF6S7F,2014-12-31,0.0
A-ZF6S7F,2015-12-31,0.0
A-ZF6S7F,2016-12-31,0.0
A-ZF6S7F,2017-12-31,0.0
A-ZF6S7F,2018-12-31,0.0
A-ZF6S7F,2019-12-31,0.0
A-ZF6S7F,2020-12-31,0.0
A-ZF6S7F,2021-12-31,0.0
A-ZF6S7F,2022-12-31,0.0
A-ZF6S7F,2023-12-31,0.0
A-ZF6S7F,2024-12-31,0.0
A-ZF6S7F,2025-12-31,0.0
A-ZL3UTG,2006-12-31,0.0
A-ZL3UTG,2007-12-31,0.0
A-ZL3UTG,2008-12-31,0.0
A-ZL3UTG,2009-12-31,0.0
A-ZL3UTG,2010-12-31,0.0
A-ZL3UTG,2011-12-31,0.0
A-ZL3UTG,2012-12-31,1.0
A-ZL3UTG,2013-12-31,0.0
A-ZL3UTG,2014-12-31,0.0
A-ZL3UTG,2015-12-31,0.0
A-ZL3UTG,2016-12-31,0.0
A-ZL3UTG,2017-12-31,0.0
A-ZL3UTG,2018-12-31,0.0
A-ZL3UTG,2019-12-31,0.0
A-ZL3UTG,2020-12-31,0.0
A-ZL3UTG,2021-12-31,0.0
A-ZL3UTG,2022-12-31,0.0
A-ZL3UTG,2023-12-31,0.0
A-ZL3UTG,2024-12-31,0.0
A-ZL3UTG,2025-12-31,0.0
A-ZVBDSW,2006-12-31,0.0
A-ZVBDSW,2007-12-31,0.0
A-ZVBDSW,2008-12-31,0.0
A-ZVBDSW,2009-12-31,0.0
A-ZVBDSW,2010-12-31,0.0
A-ZVBDSW,2011-12-31,0.0
A-ZVBDSW,2012-12-31,0.0
A-ZVBDSW,2013-12-31,0.0
A-ZVBDSW,2014-12-31,0.0
A-ZVBDSW,2015-12-31,0.0
A-ZVBDSW,2016-12-31,0.0
A-ZVBDSW,2017-12-31,0.0
A-ZVBDSW,2018-12-31,0.0
A-ZVBDSW,2019-12-31,0.0
A-ZVBDSW,2020-12-31,0.0
A-ZVBDSW,2021-12-31,0.0
A-ZVBDSW,2022-12-31,0.0
A-ZVBDSW,2023-12-31,0.0
A-ZVBDSW,2024-12-31,0.0
A-ZVBDSW,2025-12-31,0.0
B-0T5M74,2006-12-31,0.0
B-0T5M74,2007-12-31,0.0
B-0T5M74,2008-12-31,0.0
B-0T5M74,2009-12-31,0.0
B-0T5M74,2010-12-31,0.0
B-0T5M74,2011-12-31,0.0
B-0T5M74,2012-12-31,0.0
B-0T5M74,2013-12-31,1.0
B-0T5M74,2014-12-31,0.0
B-0T5M74,2015-12-31,0.0
B-0T5M74,2016-12-31,0.0
B-0T5M74,2017-12-31,0.0
B-0T5M74,2018-12-31,0.0
B-0T5M74,2019-12-31,1.0
B-0T5M74,2020-12-31,0.0
B-0T5M74,2021-12-31,0.0
B-0T5M74,2022-12-31,0.0
B-0T5M74,2023-12-31,0.0
B-0T5M74,2024-12-31,0.0
B-0T5M74,2025-12-31,0.0
B-3C5B0M,2006-12-31,0.0
B-3C5B0M,2007-12-31,0.0
B-3C5B0M,2008-12-31,0.0
B-3C5B0M,2009-12-31,0.0
B-3C5B0M,2010-12-31,0.0
B-3C5B0M,2011-12-31,0.0
B-3C5B0M,2012-12-31,0.0
B-3C5B0M,2013-12-31,0.0
B-3C5B0M,2014-12-31,0.0
B-3C5B0M,2015-12-31,0.0
B-3C5B0M,2016-12-31,0.0
B-3C5B0M,2017-12-31,0.0
B-3C5B0M,2018-12-31,0.0
B-3C5B0M,2019-12-31,0.0
B-3C5B0M,2020-12-31,0.0
B-3C5B0M,2021-12-31,0.0
B-3C5B0M,2022-12-31,0.0
B-3C5B0M,2023-12-31,0.0
B-3C5B0M,2024-12-31,0.0
B-3C5B0M,2025-12-31,0.0
B-3LE6FV,2006-12-31,0.0
B-3LE6FV,2007-12-31,0.0
B-3LE6FV,2008-12-31,0.0
B-3LE6FV,2009-12-31,0.0
B-3LE6FV,2010-12-31,0.0
B-3LE6FV,2011-12-31,0.0
B-3LE6FV,2012-12-31,1.0
B-3LE6FV,2013-12-31,0.0
B-3LE6FV,2014-12-31,0.0
B-3LE6FV,2015-12-31,0.0
B-3LE6FV,2016-12-31,0.0
B-3LE6FV,2017-12-31,0.0
B-3LE6FV,2018-12-31,0.0
B-3LE6FV,2019-12-31,0.0
B-3LE6FV,2020-12-31,0.0
B-3LE6FV,2021-12-31,0.0
B-3LE6FV,2022-12-31,0.0
B-3LE6FV,2023-12-31,0.0
B-3LE6FV,2024-12-31,0.0
B-3LE6FV,2025-12-31,0.0
B-3PXT8X,2006-12-31,0.0
B-3PXT8X,2007-12-31,0.0
B-3PXT8X,2008-12-31,0.0
B-3PXT8X,2009-12-31,0.0
B-3PXT8X,2010-12-31,0.0
B-3PXT8X,2011-12-31,0.0
B-3PXT8X,2012-12-31,0.0
B-3PXT8X,2013-12-31,0.0
B-3PXT8X,2014-12-31,0.0
B-3PXT8X,2015-12-31,0.0
B-3PXT8X,2016-12-31,0.0
B-3PXT8X,2017-12-31,0.0
B-3PXT8X,2018-12-31,0.0
B-3PXT8X,2019-12-31,0.0
B-3PXT8X,2020-12-31,0.0
B-3PXT8X,2021-12-31,0.0
B-3PXT8X,2022-12-31,0.0
B-3PXT8X,2023-12-31,0.0
B-3PXT8X,2024-12-31,0.0
B-3PXT8X,2025-12-31,0.0
B-4H8VVL,2006-12-31,0.0
B-4H8VVL,2007-12-31,0.0
B-4H8VVL,2008-12-31,1.0
B-4H8VVL,2009-12-31,0.0
B-4H8VVL,2010-12-31,0.0
B-4H8VVL,2011-12-31,0.0
B-4H8VVL,2012-12-31,0.0
B-4H8VVL,2013-12-31,0.0
B-4H8VVL,2014-12-31,0.0
B-4H8VVL,2015-12-31,1.0
B-4H8VVL,2016-12-31,0.0
B-4H8VVL,2017-12-31,0.0
B-4H8VVL,2018-12-31,0.0
B-4H8VVL,2019-12-31,0.0
B-4H8VVL,2020-12-31,0.0
B-4H8VVL,2021-12-31,0.0
B-4H8VVL,2022-12-31,0.0
B-4H8VVL,2023-12-31,0.0
B-4H8VVL,2024-12-31,0.0
B-4H8VVL,2025-12-31,0.0
B-4Z0VCO,2006-12-31,0.0
B-4Z0VCO,2007-12-31,0.0
B-4Z0VCO,2008-12-31,0.0
B-4Z0VCO,2009-12-31,0.0
B-4Z0VCO,2010-12-31,0.0
B-4Z0VCO,2011-12-31,0.0
B-4Z0VCO,2012-12-31,0.0
B-4Z0VCO,2013-12-31,0.0
B-4Z0VCO,2014-12-31,0.0
B-4Z0VCO,2015-12-31,0.0
B-4Z0VCO,2016-12-31,0.0
B-4Z0VCO,2017-12-31,0.0
B-4Z0VCO,2018-12-31,0.0
B-4Z0VCO,2019-12-31,0.0
B-4Z0VCO,2020-12-31,0.0
B-4Z0VCO,2021-12-31,0.0
B-4Z0VCO,2022-12-31,0.0
B-4Z0VCO,2023-12-31,0.0
B-4Z0VCO,2024-12-31,0.0
B-4Z0VCO,2025-12-31,0.0
B-5BIIQF,2006-12-31,0.0
B-5BIIQF,2007-12-31,1.0
B-5BIIQF,2008-12-31,0.0
B-5BIIQF,2009-12-31,0.0
B-5BIIQF,2010-12-31,1.0
B-5BIIQF,2011-12-31,0.0
B-5BIIQF,2012-12-31,0.0
B-5BIIQF,2013-12-31,0.0
B-5BIIQF,2014-12-31,0.0
B-5BIIQF,2015-12-31,0.0
B-5BIIQF,2016-12-31,0.0
B-5BIIQF,2017-12-31,0.0
B-5BIIQF,2018-12-31,0.0
B-5BIIQF,2019-12-31,0.0
B-5BIIQF,2020-12-31,0.0
B-5BIIQF,2021-12-31,0.0
B-5BIIQF,2022-12-31,0.0
B-5BIIQF,2023-12-31,0.0
B-5BIIQF,2024-12-31,0.0
B-5BIIQF,2025-12-31,0.0
B-6KZVQO,2006-12-31,1.0
B-6KZVQO,2007-12-31,0.0
B-6KZVQO,2008-12-31,0.0
B-6KZVQO,2009-12-31,0.0
B-6KZVQO,2010-12-31,0.0
B-6KZVQO,2011-12-31,0.0
B-6KZVQO,2012-12-31,0.0
B-6KZVQO,2013-12-31,0.0
B-6KZVQO,2014-12-31,0.0
B-6KZVQO,2015-12-31,0.0
B-6KZVQO,2016-12-31,1.0
B-6KZVQO,2017-12-31,0.0
B-6KZVQO,2018-12-31,0.0
B-6KZVQO,2019-12-31,0.0
B-6KZVQO,2020-12-31,0.0
B-6KZVQO,2021-12-31,1.0
B-6KZVQO,2022-12-31,0.0
B-6KZVQO,2023-12-31,0.0
B-6KZVQO,2024-12-31,0.0
B-6KZVQO,2025-12-31,0.0
B-6R5YMI,2006-12-31,0.0
B-6R5YMI,2007-12-31,0.0
B-6R5YMI,2008-12-31,0.0
B-6R5YMI,2009-12-31,0.0
B-6R5YMI,2010-12-31,0.0
B-6R5YMI,2011-12-31,0.0
B-6R5YMI,2012-12-31,0.0
B-6R5YMI,2013-12-31,0.0
B-6R5YMI,2014-12-31,0.0
B-6R5YMI,2015-12-31,0.0
B-6R5YMI,2016-12-31,0.0
B-6R5YMI,2017-12-31,0.0
B-6R5YMI,2018-12-31,0.0
B-6R5YMI,2019-12-31,0.0
B-6R5YMI,2020-12-31,0.0
B-6R5YMI,2021-12-31,0.0
B-6R5YMI,2022-12-31,0.0
B-6R5YMI,2023-12-31,0.0
B-6R5YMI,2024-12-31,0.0
B-6R5YMI,2025-12-31,0.0
B-7PFB78,2006-12-31,0.0
B-7PFB78,2007-12-31,0.0
B-7PFB78,2008-12-31,0.0
B-7PFB78,2009-12-31,0.0
B-7PFB78,2010-12-31,0.0
B-7PFB78,2011-12-31,0.0
B-7PFB78,2012-12-31,0.0
B-7PFB78,2013-12-31,0.0
B-7PFB78,2014-12-31,0.0
B-7PFB78,2015-12-31,0.0
B-7PFB78,2016-12-31,0.0
B-7PFB78,2017-12-31,0.0
B-7PFB78,2018-12-31,0.0
B-7PFB78,2019-12-31,0.0
B-7PFB78,2020-12-31,0.0
B-7PFB78,2021-12-31,0.0
B-7PFB78,2022-12-31,0.0
B-7PFB78,2023-12-31,0.0
B-7PFB78,2024-12-31,0.0
B-7PFB78,2025-12-31,0.0
B-87E14Z,2006-12-31,0.0
B-87E14Z,2007-12-31,0.0
B-87E14Z,2008-12-31,0.0
B-87E14Z,2009-12-31,0.0
B-87E14Z,2010-12-31,0.0
B-87E14Z,2011-12-31,0.0
B-87E14Z,2012-12-31,0.0
B-87E14Z,2013-12-31,0.0
B-87E14Z,2014-12-31,0.0
B-87E14Z,2015-12-31,0.0
B-87E14Z,2016-12-31,0.0
B-87E14Z,2017-12-31,0.0
B-87E14Z,2018-12-31,1.0
B-87E14Z,2019-12-31,0.0
B-87E14Z,2020-12-31,0.0
B-87E14Z,2021-12-31,0.0
B-87E14Z,2022-12-31,0.0
B-87E14Z,2023-12-31,0.0
B-87E14Z,2024-12-31,0.0
B-87E14Z,2025-12-31,0.0
B-91X6SZ,2006-12-31,0.0
B-91X6SZ,2007-12-31,0.0
B-91X6SZ,2008-12-31,0.0
B-91X6SZ,2009-12-31,0.0
B-91X6SZ,2010-12-31,0.0
B-91X6SZ,2011-12-31,0.0
B-91X6SZ,2012-12-31,0.0
B-91X6SZ,2013-12-31,0.0
B-91X6SZ,2014-12-31,0.0
B-91X6SZ,2015-12-31,0.0
B-91X6SZ,2016-12-31,0.0
B-91X6SZ,2017-12-31,0.0
B-91X6SZ,2018-12-31,0.0
B-91X6SZ,2019-12-31,0.0
B-91X6SZ,2020-12-31,0.0
B-91X6SZ,2021-12-31,0.0
B-91X6SZ,2022-12-31,0.0
B-91X6SZ,2023-12-31,0.0
B-91X6SZ,2024-12-31,0.0
B-91X6SZ,2025-12-31,1.0
B-9E8KDK,2006-12-31,0.0
B-9E8KDK,2007-12-31,0.0
B-9E8KDK,2008-12-31,0.0
B-9E8KDK,2009-12-31,0.0
B-9E8KDK,2010-12-31,0.0
B-9E8KDK,2011-12-31,0.0
B-9E8KDK,2012-12-31,1.0
B-9E8KDK,2013-12-31,0.0
B-9E8KDK,2014-12-31,0.0
B-9E8KDK,2015-12-31,0.0
B-9E8KDK,2016-12-31,0.0
B-9E8KDK,2017-12-31,0.0
B-9E8KDK,2018-12-31,0.0
B-9E8KDK,2019-12-31,0.0
B-9E8KDK,2020-12-31,0.0
B-9E8KDK,2021-12-31,0.0
B-9E8KDK,2022-12-31,0.0
B-9E8KDK,2023-12-31,0.0
B-9E8KDK,2024-12-31,0.0
B-9E8KDK,2025-12-31,0.0
B-9KROIO,2006-12-31,0.0
B-9KROIO,2007-12-31,0.0
B-9KROIO,2008-12-31,0.0
B-9KROIO,2009-12-31,0.0
B-9KROIO,2010-12-31,0.0
B-9KROIO,2011-12-31,0.0
B-9KROIO,2012-12-31,0.0
B-9KROIO,2013-12-31,0.0
B-9KROIO,2014-12-31,0.0
B-9KROIO,2015-12-31,1.0
B-9KROIO,2016-12-31,0.0
B-9KROIO,2017-12-31,0.0
B-9KROIO,2018-12-31,0.0
B-9KROIO,2019-12-31,0.0
B-9KROIO,2020-12-31,0.0
B-9KROIO,2021-12-31,0.0
B-9KROIO,2022-12-31,0.0
B-9KROIO,2023-12-31,0.0
B-9KROIO,2024-12-31,0.0
B-9KROIO,2025-12-31,0.0
B-AAFB3V,2006-12-31,0.0
B-AAFB3V,2007-12-31,0.0
B-AAFB3V,2008-12-31,0.0
B-AAFB3V,2009-12-31,0.0
B-AAFB3V,2010-12-31,0.0
B-AAFB3V,2011-12-31,0.0
B-AAFB3V,2012-12-31,0.0
B-AAFB3V,2013-12-31,0.0
B-AAFB3V,2014-12-31,0.0
B-AAFB3V,2015-12-31,0.0
B-AAFB3V,2016-12-31,0.0
B-AAFB3V,2017-12-31,0.0
B-AAFB3V,2018-12-31,0.0
B-AAFB3V,2019-12-31,0.0
B-AAFB3V,2020-12-31,0.0
B-AAFB3V,2021-12-31,0.0
B-AAFB3V,2022-12-31,0.0
B-AAFB3V,2023-12-31,0.0
B-AAFB3V,2024-12-31,0.0
B-AAFB3V,2025-12-31,0.0
B-BN8BND,2006-12-31,0.0
B-BN8BND,2007-12-31,0.0
B-BN8BND,2008-12-31,0.0
B-BN8BND,2009-12-31,0.0
B-BN8BND,2010-12-31,0.0
B-BN8BND,2011-12-31,0.0
B-BN8BND,2012-12-31,0.0
B-BN8BND,2013-12-31,0.0
B-BN8BND,2014-12-31,0.0
B-BN8BND,2015-12-31,0.0
B-BN8BND,2016-12-31,0.0
B-BN8BND,2017-12-31,0.0
B-BN8BND,2018-12-31,0.0
B-BN8BND,2019-12-31,0.0
B-BN8BND,2020-12-31,0.0
B-BN8BND,2021-12-31,0.0
B-BN8BND,2022-12-31,1.0
B-BN8BND,2023-12-31,0.0
B-BN8BND,2024-12-31,0.0
B-BN8BND,2025-12-31,0.0
B-CKUMRG,2006-12-31,0.0
B-CKUMRG,2007-12-31,0.0
B-CKUMRG,2008-12-31,0.0
B-CKUMRG,2009-12-31,0.0
B-CKUMRG,2010-12-31,1.0
B-CKUMRG,2011-12-31,0.0
B-CKUMRG,2012-12-31,0.0
B-CKUMRG,2013-12-31,0.0
B-CKUMRG,2014-12-31,0.0
B-CKUMRG,2015-12-31,0.0
B-CKUMRG,2016-12-31,0.0
B-CKUMRG,2017-12-31,0.0
B-CKUMRG,2018-12-31,0.0
B-CKUMRG,2019-12-31,0.0
B-CKUMRG,2020-12-31,0.0
B-CKUMRG,2021-12-31,0.0
B-CKUMRG,2022-12-31,1.0
B-CKUMRG,2023-12-31,0.0
B-CKUMRG,2024-12-31,0.0
B-CKUMRG,2025-12-31,0.0
B-CN03FL,2006-12-31,0.0
B-CN03FL,2007-12-31,0.0
B-CN03FL,2008-12-31,0.0
B-CN03FL,2009-12-31,0.0
B-CN03FL,2010-12-31,0.0
B-CN03FL,2011-12-31,0.0
B-CN03FL,2012-12-31,0.0
B-CN03FL,2013-12-31,0.0
B-CN03FL,2014-12-31,0.0
B-CN03FL,2015-12-31,0.0
B-CN03FL,2016-12-31,0.0
B-CN03FL,2017-12-31,0.0
B-CN03FL,2018-12-31,0.0
B-CN03FL,2019-12-31,0.0
B-CN03FL,2020-12-31,0.0
B-CN03FL,2021-12-31,0.0
B-CN03FL,2022-12-31,0.0
B-CN03FL,2023-12-31,0.0
B-CN03FL,2024-12-31,0.0
B-CN03FL,2025-12-31,0.0
B-CUJ2V2,2006-12-31,0.0
B-CUJ2V2,2007-12-31,0.0
B-CUJ2V2,2008-12-31,0.0
B-CUJ2V2,2009-12-31,0.0
B-CUJ2V2,2010-12-31,0.0
B-CUJ2V2,2011-12-31,0.0
B-CUJ2V2,2012-12-31,0.0
B-CUJ2V2,2013-12-31,0.0
B-CUJ2V2,2014-12-31,0.0
B-CUJ2V2,2015-12-31,0.0
B-CUJ2V2,2016-12-31,0.0
B-CUJ2V2,2017-12-31,0.0
B-CUJ2V2,2018-12-31,0.0
B-CUJ2V2,2019-12-31,0.0
B-CUJ2V2,2020-12-31,0.0
B-CUJ2V2,2021-12-31,0.0
B-CUJ2V2,2022-12-31,0.0
B-CUJ2V2,2023-12-31,0.0
B-CUJ2V2,2024-12-31,0.0
B-CUJ2V2,2025-12-31,0.0
B-CWABH5,2006-12-31,0.0
B-CWABH5,2007-12-31,1.0
B-CWABH5,2008-12-31,0.0
B-CWABH5,2009-12-31,0.0
B-CWABH5,2010-12-31,0.0
B-CWABH5,2011-12-31,0.0
B-CWABH5,2012-12-31,0.0
B-CWABH5,2013-12-31,0.0
B-CWABH5,2014-12-31,0.0
B-CWABH5,2015-12-31,0.0
B-CWABH5,2016-12-31,0.0
B-CWABH5,2017-12-31,0.0
B-CWABH5,2018-12-31,0.0
B-CWABH5,2019-12-31,0.0
B-CWABH5,2020-12-31,0.0
B-CWABH5,2021-12-31,0.0
B-CWABH5,2022-12-31,0.0
B-CWABH5,2023-12-31,0.0
B-CWABH5,2024-12-31,0.0
B-CWABH5,2025-12-31,0.0
B-FVUAOK,2006-12-31,0.0
B-FVUAOK,2007-12-31,0.0
B-FVUAOK,2008-12-31,0.0
B-FVUAOK,2009-12-31,0.0
B-FVUAOK,2010-12-31,0.0
B-FVUAOK,2011-12-31,0.0
B-FVUAOK,2012-12-31,0.0
B-FVUAOK,2013-12-31,0.0
B-FVUAOK,2014-12-31,0.0
B-FVUAOK,2015-12-31,1.0
B-FVUAOK,2016-12-31,0.0
B-FVUAOK,2017-12-31,0.0
B-FVUAOK,2018-12-31,0.0
B-FVUAOK,2019-12-31,0.0
B-FVUAOK,2020-12-31,0.0
B-FVUAOK,2021-12-31,0.0
B-FVUAOK,2022-12-31,0.0
B-FVUAOK,2023-12-31,0.0
B-FVUAOK,2024-12-31,0.0
B-FVUAOK,2025-12-31,0.0
B-GFVBLE,2006-12-31,0.0
B-GFVBLE,2007-12-31,1.0
B-GFVBLE,2008-12-31,0.0
B-GFVBLE,2009-12-31,0.0
B-GFVBLE,2010-12-31,0.0
B-GFVBLE,2011-12-31,0.0
B-GFVBLE,2012-12-31,0.0
B-GFVBLE,2013-12-31,0.0
B-GFVBLE,2014-12-31,0.0
B-GFVBLE,2015-12-31,0.0
B-GFVBLE,2016-12-31,0.0
B-GFVBLE,2017-12-31,0.0
B-GFVBLE,2018-12-31,0.0
B-GFVBLE,2019-12-31,0.0
B-GFVBLE,2020-12-31,0.0
B-GFVBLE,2021-12-31,0.0
B-GFVBLE,2022-12-31,0.0
B-GFVBLE,2023-12-31,0.0
B-GFVBLE,2024-12-31,0.0
B-GFVBLE,2025-12-31,0.0
B-HVWXAK,2006-12-31,1.0
B-HVWXAK,2007-12-31,0.0
B-HVWXAK,2008-12-31,0.0
B-HVWXAK,2009-12-31,0.0
B-HVWXAK,2010-12-31,0.0
B-HVWXAK,2011-12-31,0.0
B-HVWXAK,2012-12-31,0.0
B-HVWXAK,2013-12-31,0.0
B-HVWXAK,2014-12-31,0.0
B-HVWXAK,2015-12-31,0.0
B-HVWXAK,2016-12-31,0.0
B-HVWXAK,2017-12-31,0.0
B-HVWXAK,2018-12-31,0.0
B-HVWXAK,2019-12-31,0.0
B-HVWXAK,2020-12-31,0.0
B-HVWXAK,2021-12-31,0.0
B-HVWXAK,2022-12-31,0.0
B-HVWXAK,2023-12-31,0.0
B-HVWXAK,2024-12-31,0.0
B-HVWXAK,2025-12-31,0.0
B-I67BWI,2006-12-31,0.0
B-I67BWI,2007-12-31,0.0
B-I67BWI,2008-12-31,0.0
B-I67BWI,2009-12-31,0.0
B-I67BWI,2010-12-31,0.0
B-I67BWI,2011-12-31,0.0
B-I67BWI,2012-12-31,0.0
B-I67BWI,2013-12-31,0.0
B-I67BWI,2014-12-31,0.0
B-I67BWI,2015-12-31,0.0
B-I67BWI,2016-12-31,0.0
B-I67BWI,2017-12-31,0.0
B-I67BWI,2018-12-31,0.0
B-I67BWI,2019-12-31,0.0
B-I67BWI,2020-12-31,0.0
B-I67BWI,2021-12-31,0.0
B-I67BWI,2022-12-31,0.0
B-I67BWI,2023-12-31,0.0
B-I67BWI,2024-12-31,0.0
B-I67BWI,2025-12-31,0.0
B-IOC2XD,2006-12-31,0.0
B-IOC2XD,2007-12-31,0.0
B-IOC2XD,2008-12-31,0.0
B-IOC2XD,2009-12-31,0.0
B-IOC2XD,2010-12-31,0.0
B-IOC2XD,2011-12-31,0.0
B-IOC2XD,2012-12-31,0.0
B-IOC2XD,2013-12-31,0.0
B-IOC2XD,2014-12-31,0.0
B-IOC2XD,2015-12-31,0.0
B-IOC2XD,2016-12-31,0.0
B-IOC2XD,2017-12-31,0.0
B-IOC2XD,2018-12-31,0.0
B-IOC2XD,2019-12-31,0.0
B-IOC2XD,2020-12-31,1.0
B-IOC2XD,2021-12-31,0.0
B-IOC2XD,2022-12-31,0.0
B-IOC2XD,2023-12-31,0.0
B-IOC2XD,2024-12-31,0.0
B-IOC2XD,2025-12-31,0.0
B-J2ILS4,2006-12-31,0.0
B-J2ILS4,2007-12-31,0.0
B-J2ILS4,2008-12-31,0.0
B-J2ILS4,2009-12-31,0.0
B-J2ILS4,2010-12-31,0.0
B-J2ILS4,2011-12-31,0.0
B-J2ILS4,2012-12-31,0.0
B-J2ILS4,2013-12-31,0.0
B-J2ILS4,2014-12-31,1.0
B-J2ILS4,2015-12-31,0.0
B-J2ILS4,2016-12-31,0.0
B-J2ILS4,2017-12-31,0.0
B-J2ILS4,2018-12-31,0.0
B-J2ILS4,2019-12-31,0.0
B-J2ILS4,2020-12-31,0.0
B-J2ILS4,2021-12-31,0.0
B-J2ILS4,2022-12-31,0.0
B-J2ILS4,2023-12-31,0.0
B-J2ILS4,2024-12-31,0.0
B-J2ILS4,2025-12-31,0.0
B-JI444W,2006-12-31,0.0
B-JI444W,2007-12-31,0.0
B-JI444W,2008-12-31,0.0
B-JI444W,2009-12-31,0.0
B-JI444W,2010-12-31,0.0
B-JI444W,2011-12-31,0.0
B-JI444W,2012-12-31,0.0
B-JI444W,2013-12-31,0.0
B-JI444W,2014-12-31,0.0
B-JI444W,2015-12-31,0.0
B-JI444W,2016-12-31,0.0
B-JI444W,2017-12-31,0.0
B-JI444W,2018-12-31,0.0
B-JI444W,2019-12-31,0.0
B-JI444W,2020-12-31,0.0
B-JI444W,2021-12-31,0.0
B-JI444W,2022-12-31,0.0
B-JI444W,2023-12-31,0.0
B-JI444W,2024-12-31,0.0
B-JI444W,2025-12-31,0.0
B-JRBLOP,2006-12-31,0.0
B-JRBLOP,2007-12-31,0.0
B-JRBLOP,2008-12-31,0.0
B-JRBLOP,2009-12-31,0.0
B-JRBLOP,2010-12-31,0.0
B-JRBLOP,2011-12-31,0.0
B-JRBLOP,2012-12-31,0.0
B-JRBLOP,2013-12-31,0.0
B-JRBLOP,2014-12-31,0.0
B-JRBLOP,2015-12-31,0.0
B-JRBLOP,2016-12-31,0.0
B-JRBLOP,2017-12-31,0.0
B-JRBLOP,2018-12-31,0.0
B-JRBLOP,2019-12-31,0.0
B-JRBLOP,2020-12-31,0.0
B-JRBLOP,2021-12-31,0.0
B-JRBLOP,2022-12-31,0.0
B-JRBLOP,2023-12-31,0.0
B-JRBLOP,2024-12-31,0.0
B-JRBLOP,2025-12-31,0.0
B-JS2LBB,2006-12-31,0.0
B-JS2LBB,2007-12-31,0.0
B-JS2LBB,2008-12-31,1.0
B-JS2LBB,2009-12-31,0.0
B-JS2LBB,2010-12-31,0.0
B-JS2LBB,2011-12-31,0.0
B-JS2LBB,2012-12-31,0.0
B-JS2LBB,2013-12-31,0.0
B-JS2LBB,2014-12-31,0.0
B-JS2LBB,2015-12-31,0.0
B-JS2LBB,2016-12-31,0.0
B-JS2LBB,2017-12-31,0.0
B-JS2LBB,2018-12-31,0.0
B-JS2LBB,2019-12-31,0.0
B-JS2LBB,2020-12-31,0.0
B-JS2LBB,2021-12-31,0.0
B-JS2LBB,2022-12-31,0.0
B-JS2LBB,2023-12-31,0.0
B-JS2LBB,2024-12-31,0.0
B-JS2LBB,2025-12-31,0.0
B-KVE4NM,2006-12-31,0.0
B-KVE4NM,2007-12-31,0.0
B-KVE4NM,2008-12-31,0.0
B-KVE4NM,2009-12-31,0.0
B-KVE4NM,2010-12-31,0.0
B-KVE4NM,2011-12-31,0.0
B-KVE4NM,2012-12-31,0.0
B-KVE4NM,2013-12-31,0.0
B-KVE4NM,2014-12-31,0.0
B-KVE4NM,2015-12-31,0.0
B-KVE4NM,2016-12-31,0.0
B-KVE4NM,2017-12-31,1.0
B-KVE4NM,2018-12-31,0.0
B-KVE4NM,2019-12-31,0.0
B-KVE4NM,2020-12-31,0.0
B-KVE4NM,2021-12-31,0.0
B-KVE4NM,2022-12-31,0.0
B-KVE4NM,2023-12-31,0.0
B-KVE4NM,2024-12-31,0.0
B-KVE4NM,2025-12-31,0.0
B-MHTAKQ,2006-12-31,0.0
B-MHTAKQ,2007-12-31,0.0
B-MHTAKQ,2008-12-31,0.0
B-MHTAKQ,2009-12-31,0.0
B-MHTAKQ,2010-12-31,0.0
B-MHTAKQ,2011-12-31,1.0
B-MHTAKQ,2012-12-31,0.0
B-MHTAKQ,2013-12-31,0.0
B-MHTAKQ,2014-12-31,0.0
B-MHTAKQ,2015-12-31,0.0
B-MHTAKQ,2016-12-31,0.0
B-MHTAKQ,2017-12-31,0.0
B-MHTAKQ,2018-12-31,0.0
B-MHTAKQ,2019-12-31,0.0
B-MHTAKQ,2020-12-31,0.0
B-MHTAKQ,2021-12-31,0.0
B-MHTAKQ,2022-12-31,0.0
B-MHTAKQ,2023-12-31,0.0
B-MHTAKQ,2024-12-31,0.0
B-MHTAKQ,2025-12-31,0.0
B-MUVZTX,2006-12-31,0.0
B-MUVZTX,2007-12-31,0.0
B-MUVZTX,2008-12-31,0.0
B-MUVZTX,2009-12-31,0.0
B-MUVZTX,2010-12-31,0.0
B-MUVZTX,2011-12-31,0.0
B-MUVZTX,2012-12-31,0.0
B-MUVZTX,2013-12-31,0.0
B-MUVZTX,2014-12-31,0.0
B-MUVZTX,2015-12-31,0.0
B-MUVZTX,2016-12-31,0.0
B-MUVZTX,2017-12-31,0.0
B-MUVZTX,2018-12-31,0.0
B-MUVZTX,2019-12-31,0.0
B-MUVZTX,2020-12-31,0.0
B-MUVZTX,2021-12-31,0.0
B-MUVZTX,2022-12-31,0.0
B-MUVZTX,2023-12-31,0.0
B-MUVZTX,2024-12-31,0.0
B-MUVZTX,2025-12-31,0.0
B-O2NB6I,2006-12-31,0.0
B-O2NB6I,2007-12-31,0.0
B-O2NB6I,2008-12-31,0.0
B-O2NB6I,2009-12-31,0.0
B-O2NB6I,2010-12-31,0.0
B-O2NB6I,2011-12-31,0.0
B-O2NB6I,2012-12-31,0.0
B-O2NB6I,2013-12-31,0.0
B-O2NB6I,2014-12-31,0.0
B-O2NB6I,2015-12-31,0.0
B-O2NB6I,2016-12-31,0.0
B-O2NB6I,2017-12-31,0.0
B-O2NB6I,2018-12-31,0.0
B-O2NB6I,2019-12-31,0.0
B-O2NB6I,2020-12-31,0.0
B-O2NB6I,2021-12-31,0.0
B-O2NB6I,2022-12-31,0.0
B-O2NB6I,2023-12-31,0.0
B-O2NB6I,2024-12-31,0.0
B-O2NB6I,2025-12-31,0.0
B-O9B5YK,2006-12-31,0.0
B-O9B5YK,2007-12-31,0.0
B-O9B5YK,2008-12-31,0.0
B-O9B5YK,2009-12-31,0.0
B-O9B5YK,2010-12-31,0.0
B-O9B5YK,2011-12-31,0.0
B-O9B5YK,2012-12-31,0.0
B-O9B5YK,2013-12-31,0.0
B-O9B5YK,2014-12-31,0.0
B-O9B5YK,2015-12-31,0.0
B-O9B5YK,2016-12-31,0.0
B-O9B5YK,2017-12-31,0.0
B-O9B5YK,2018-12-31,0.0
B-O9B5YK,2019-12-31,0.0
B-O9B5YK,2020-12-31,1.0
B-O9B5YK,2021-12-31,0.0
B-O9B5YK,2022-12-31,0.0
B-O9B5YK,2023-12-31,0.0
B-O9B5YK,2024-12-31,0.0
B-O9B5YK,2025-12-31,0.0
B-ONZFIV,2006-12-31,0.0
B-ONZFIV,2007-12-31,0.0
B-ONZFIV,2008-12-31,0.0
B-ONZFIV,2009-12-31,0.0
B-ONZFIV,2010-12-31,1.0
B-ONZFIV,2011-12-31,0.0
B-ONZFIV,2012-12-31,0.0
B-ONZFIV,2013-12-31,0.0
B-ONZFIV,2014-12-31,0.0
B-ONZFIV,2015-12-31,0.0
B-ONZFIV,2016-12-31,0.0
B-ONZFIV,2017-12-31,0.0
B-ONZFIV,2018-12-31,0.0
B-ONZFIV,2019-12-31,0.0
B-ONZFIV,2020-12-31,0.0
B-ONZFIV,2021-12-31,0.0
B-ONZFIV,2022-12-31,0.0
B-ONZFIV,2023-12-31,0.0
B-ONZFIV,2024-12-31,0.0
B-ONZFIV,2025-12-31,0.0
B-PL1YFZ,2006-12-31,0.0
B-PL1YFZ,2007-12-31,0.0
B-PL1YFZ,2008-12-31,0.0
B-PL1YFZ,2009-12-31,0.0
B-PL1YFZ,2010-12-31,0.0
B-PL1YFZ,2011-12-31,0.0
B-PL1YFZ,2012-12-31,0.0
B-PL1YFZ,2013-12-31,0.0
B-PL1YFZ,2014-12-31,0.0
B-PL1YFZ,2015-12-31,0.0
B-PL1YFZ,2016-12-31,0.0
B-PL1YFZ,2017-12-31,0.0
B-PL1YFZ,2018-12-31,0.0
B-PL1YFZ,2019-12-31,0.0
B-PL1YFZ,2020-12-31,0.0
B-PL1YFZ,2021-12-31,0.0
B-PL1YFZ,2022-12-31,0.0
B-PL1YFZ,2023-12-31,0.0
B-PL1YFZ,2024-12-31,0.0
B-PL1YFZ,2025-12-31,0.0
B-QF30BG,2006-12-31,0.0
B-QF30BG,2007-12-31,1.0
B-QF30BG,2008-12-31,0.0
B-QF30BG,2009-12-31,0.0
B-QF30BG,2010-12-31,0.0
B-QF30BG,2011-12-31,0.0
B-QF30BG,2012-12-31,0.0
B-QF30BG,2013-12-31,0.0
B-QF30BG,2014-12-31,0.0
B-QF30BG,2015-12-31,0.0
B-QF30BG,2016-12-31,0.0
B-QF30BG,2017-12-31,0.0
B-QF30BG,2018-12-31,0.0
B-QF30BG,2019-12-31,0.0
B-QF30BG,2020-12-31,0.0
B-QF30BG,2021-12-31,0.0
B-QF30BG,2022-12-31,0.0
B-QF30BG,2023-12-31,0.0
B-QF30BG,2024-12-31,0.0
B-QF30BG,2025-12-31,1.0
B-QF6194,2006-12-31,0.0
B-QF6194,2007-12-31,0.0
B-QF6194,2008-12-31,0.0
B-QF6194,2009-12-31,0.0
B-QF6194,2010-12-31,0.0
B-QF6194,2011-12-31,0.0
B-QF6194,2012-12-31,0.0
B-QF6194,2013-12-31,0.0
B-QF6194,2014-12-31,0.0
B-QF6194,2015-12-31,0.0
B-QF6194,2016-12-31,0.0
B-QF6194,2017-12-31,0.0
B-QF6194,2018-12-31,1.0
B-QF6194,2019-12-31,0.0
B-QF6194,2020-12-31,0.0
B-QF6194,2021-12-31,0.0
B-QF6194,2022-12-31,0.0
B-QF6194,2023-12-31,0.0
B-QF6194,2024-12-31,0.0
B-QF6194,2025-12-31,0.0
B-QFZFP4,2006-12-31,0.0
B-QFZFP4,2007-12-31,0.0
B-QFZFP4,2008-12-31,0.0
B-QFZFP4,2009-12-31,0.0
B-QFZFP4,2010-12-31,0.0
B-QFZFP4,2011-12-31,0.0
B-QFZFP4,2012-12-31,0.0
B-QFZFP4,2013-12-31,0.0
B-QFZFP4,2014-12-31,0.0
B-QFZFP4,2015-12-31,0.0
B-QFZFP4,2016-12-31,0.0
B-QFZFP4,2017-12-31,0.0
B-QFZFP4,2018-12-31,0.0
B-QFZFP4,2019-12-31,0.0
B-QFZFP4,2020-12-31,1.0
B-QFZFP4,2021-12-31,0.0
B-QFZFP4,2022-12-31,0.0
B-QFZFP4,2023-12-31,0.0
B-QFZFP4,2024-12-31,0.0
B-QFZFP4,2025-12-31,0.0
B-QZP3T9,2006-12-31,0.0
B-QZP3T9,2007-12-31,0.0
B-QZP3T9,2008-12-31,0.0
B-QZP3T9,2009-12-31,0.0
B-QZP3T9,2010-12-31,0.0
B-QZP3T9,2011-12-31,0.0
B-QZP3T9,2012-12-31,0.0
B-QZP3T9,2013-12-31,0.0
B-QZP3T9,2014-12-31,0.0
B-QZP3T9,2015-12-31,0.0
B-QZP3T9,2016-12-31,0.0
B-QZP3T9,2017-12-31,0.0
B-QZP3T9,2018-12-31,0.0
B-QZP3T9,2019-12-31,0.0
B-QZP3T9,2020-12-31,0.0
B-QZP3T9,2021-12-31,0.0
B-QZP3T9,2022-12-31,0.0
B-QZP3T9,2023-12-31,0.0
B-QZP3T9,2024-12-31,1.0
B-QZP3T9,2025-12-31,0.0
B-SQ4OLC,2006-12-31,0.0
B-SQ4OLC,2007-12-31,0.0
B-SQ4OLC,2008-12-31,0.0
B-SQ4OLC,2009-12-31,0.0
B-SQ4OLC,2010-12-31,0.0
B-SQ4OLC,2011-12-31,0.0
B-SQ4OLC,2012-12-31,0.0
B-SQ4OLC,2013-12-31,0.0
B-SQ4OLC,2014-12-31,0.0
B-SQ4OLC,2015-12-31,0.0
B-SQ4OLC,2016-12-31,0.0
B-SQ4OLC,2017-12-31,0.0
B-SQ4OLC,2018-12-31,0.0
B-SQ4OLC,2019-12-31,0.0
B-SQ4OLC,2020-12-31,0.0
B-SQ4OLC,2021-12-31,0.0
B-SQ4OLC,2022-12-31,0.0
B-SQ4OLC,2023-12-31,0.0
B-SQ4OLC,2024-12-31,0.0
B-SQ4OLC,2025-12-31,0.0
B-ST9KM6,2006-12-31,0.0
B-ST9KM6,2007-12-31,0.0
B-ST9KM6,2008-12-31,0.0
B-ST9KM6,2009-12-31,0.0
B-ST9KM6,2010-12-31,0.0
B-ST9KM6,2011-12-31,0.0
B-ST9KM6,2012-12-31,0.0
B-ST9KM6,2013-12-31,0.0
B-ST9KM6,2014-12-31,0.0
B-ST9KM6,2015-12-31,0.0
B-ST9KM6,2016-12-31,0.0
B-ST9KM6,2017-12-31,0.0
B-ST9KM6,2018-12-31,0.0
B-ST9KM6,2019-12-31,0.0
B-ST9KM6,2020-12-31,1.0
B-ST9KM6,2021-12-31,0.0
B-ST9KM6,2022-12-31,0.0
B-ST9KM6,2023-12-31,0.0
B-ST9KM6,2024-12-31,0.0
B-ST9KM6,2025-12-31,0.0
B-TB1OZ6,2006-12-31,0.0
B-TB1OZ6,2007-12-31,0.0
B-TB1OZ6,2008-12-31,0.0
B-TB1OZ6,2009-12-31,0.0
B-TB1OZ6,2010-12-31,0.0
B-TB1OZ6,2011-12-31,0.0
B-TB1OZ6,2012-12-31,0.0
B-TB1OZ6,2013-12-31,0.0
B-TB1OZ6,2014-12-31,0.0
B-TB1OZ6,2015-12-31,0.0
B-TB1OZ6,2016-12-31,0.0
B-TB1OZ6,2017-12-31,0.0
B-TB1OZ6,2018-12-31,0.0
B-TB1OZ6,2019-12-31,0.0
B-TB1OZ6,2020-12-31,0.0
B-TB1OZ6,2021-12-31,0.0
B-TB1OZ6,2022-12-31,0.0
B-TB1OZ6,2023-12-31,0.0
B-TB1OZ6,2024-12-31,0.0
B-TB1OZ6,2025-12-31,0.0
B-TWSM8S,2006-12-31,0.0
B-TWSM8S,2007-12-31,0.0
B-TWSM8S,2008-12-31,0.0
B-TWSM8S,2009-12-31,0.0
B-TWSM8S,2010-12-31,0.0
B-TWSM8S,2011-12-31,0.0
B-TWSM8S,2012-12-31,0.0
B-TWSM8S,2013-12-31,0.0
B-TWSM8S,2014-12-31,0.0
B-TWSM8S,2015-12-31,0.0
B-TWSM8S,2016-12-31,0.0
B-TWSM8S,2017-12-31,0.0
B-TWSM8S,2018-12-31,0.0
B-TWSM8S,2019-12-31,0.0
B-TWSM8S,2020-12-31,1.0
B-TWSM8S,2021-12-31,0.0
B-TWSM8S,2022-12-31,0.0
B-TWSM8S,2023-12-31,0.0
B-TWSM8S,2024-12-31,0.0
B-TWSM8S,2025-12-31,0.0
B-TZJXP7,2006-12-31,0.0
B-TZJXP7,2007-12-31,0.0
B-TZJXP7,2008-12-31,0.0
B-TZJXP7,2009-12-31,0.0
B-TZJXP7,2010-12-31,0.0
B-TZJXP7,2011-12-31,0.0
B-TZJXP7,2012-12-31,0.0
B-TZJXP7,2013-12-31,0.0
B-TZJXP7,2014-12-31,0.0
B-TZJXP7,2015-12-31,0.0
B-TZJXP7,2016-12-31,0.0
B-TZJXP7,2017-12-31,0.0
B-TZJXP7,2018-12-31,0.0
B-TZJXP7,2019-12-31,0.0
B-TZJXP7,2020-12-31,1.0
B-TZJXP7,2021-12-31,0.0
B-TZJXP7,2022-12-31,0.0
B-TZJXP7,2023-12-31,0.0
B-TZJXP7,2024-12-31,0.0
B-TZJXP7,2025-12-31,0.0
B-VQT2JW,2006-12-31,0.0
B-VQT2JW,2007-12-31,0.0
B-VQT2JW,2008-12-31,0.0
B-VQT2JW,2009-12-31,0.0
B-VQT2JW,2010-12-31,0.0
B-VQT2JW,2011-12-31,0.0
B-VQT2JW,2012-12-31,0.0
B-VQT2JW,2013-12-31,0.0
B-VQT2JW,2014-12-31,0.0
B-VQT2JW,2015-12-31,0.0
B-VQT2JW,2016-12-31,0.0
B-VQT2JW,2017-12-31,0.0
B-VQT2JW,2018-12-31,0.0
B-VQT2JW,2019-12-31,0.0
B-VQT2JW,2020-12-31,0.0
B-VQT2JW,2021-12-31,0.0
B-VQT2JW,2022-12-31,1.0
B-VQT2JW,2023-12-31,0.0
B-VQT2JW,2024-12-31,0.0
B-VQT2JW,2025-12-31,0.0
B-WMAEKB,2006-12-31,0.0
B-WMAEKB,2007-12-31,0.0
B-WMAEKB,2008-12-31,0.0
B-WMAEKB,2009-12-31,0.0
B-WMAEKB,2010-12-31,0.0
B-WMAEKB,2011-12-31,0.0
B-WMAEKB,2012-12-31,0.0
B-WMAEKB,2013-12-31,0.0
B-WMAEKB,2014-12-31,0.0
B-WMAEKB,2015-12-31,0.0
B-WMAEKB,2016-12-31,0.0
B-WMAEKB,2017-12-31,0.0
B-WMAEKB,2018-12-31,0.0
B-WMAEKB,2019-12-31,0.0
B-WMAEKB,2020-12-31,0.0
B-WMAEKB,2021-12-31,0.0
B-WMAEKB,2022-12-31,1.0
B-WMAEKB,2023-12-31,0.0
B-WMAEKB,2024-12-31,0.0
B-WMAEKB,2025-12-31,0.0
B-WWOGAM,2006-12-31,1.0
B-WWOGAM,2007-12-31,0.0
B-WWOGAM,2008-12-31,0.0
B-WWOGAM,2009-12-31,0.0
B-WWOGAM,2010-12-31,0.0
B-WWOGAM,2011-12-31,0.0
B-WWOGAM,2012-12-31,0.0
B-WWOGAM,2013-12-31,0.0
B-WWOGAM,2014-12-31,0.0
B-WWOGAM,2015-12-31,0.0
B-WWOGAM,2016-12-31,0.0
B-WWOGAM,2017-12-31,0.0
B-WWOGAM,2018-12-31,0.0
B-WWOGAM,2019-12-31,0.0
B-WWOGAM,2020-12-31,0.0
B-WWOGAM,2021-12-31,0.0
B-WWOGAM,2022-12-31,0.0
B-WWOGAM,2023-12-31,0.0
B-WWOGAM,2024-12-31,0.0
B-WWOGAM,2025-12-31,0.0
B-Y6J2QG,2006-12-31,0.0
B-Y6J2QG,2007-12-31,0.0
B-Y6J2QG,2008-12-31,0.0
B-Y6J2QG,2009-12-31,0.0
B-Y6J2QG,2010-12-31,0.0
B-Y6J2QG,2011-12-31,0.0
B-Y6J2QG,2012-12-31,0.0
B-Y6J2QG,2013-12-31,0.0
B-Y6J2QG,2014-12-31,0.0
B-Y6J2QG,2015-12-31,0.0
B-Y6J2QG,2016-12-31,0.0
B-Y6J2QG,2017-12-31,0.0
B-Y6J2QG,2018-12-31,0.0
B-Y6J2QG,2019-12-31,0.0
B-Y6J2QG,2020-12-31,0.0
B-Y6J2QG,2021-12-31,0.0
B-Y6J2QG,2022-12-31,0.0
B-Y6J2QG,2023-12-31,0.0
B-Y6J2QG,2024-12-31,0.0
B-Y6J2QG,2025-12-31,0.0
B-ZWRIDU,2006-12-31,0.0
B-ZWRIDU,2007-12-31,0.0
B-ZWRIDU,2008-12-31,0.0
B-ZWRIDU,2009-12-31,0.0
B-ZWRIDU,2010-12-31,0.0
B-ZWRIDU,2011-12-31,0.0
B-ZWRIDU,2012-12-31,0.0
B-ZWRIDU,2013-12-31,0.0
B-ZWRIDU,2014-12-31,1.0
B-ZWRIDU,2015-12-31,0.0
B-ZWRIDU,2016-12-31,0.0
B-ZWRIDU,2017-12-31,0.0
B-ZWRIDU,2018-12-31,0.0
B-ZWRIDU,2019-12-31,0.0
B-ZWRIDU,2020-12-31,0.0
B-ZWRIDU,2021-12-31,0.0
B-ZWRIDU,2022-12-31,0.0
B-ZWRIDU,2023-12-31,0.0
B-ZWRIDU,2024-12-31,0.0
B-ZWRIDU,2025-12-31,0.0
