date,industry,index_return,industry_clean,date_clean
2023-01-02,Ind. A,-0.000863367343038,Industry A,2023-01-02
03/01/2023,Industry A,0.0097585283662399,Industry A,2023-03-01
2023-01-04,Industry A,-0.0034803674539112,Industry A,2023-01-04
2023-01-05,Industry A,0.0205590401956502,Industry A,2023-01-05
2023-01-06,IndustryA,0.0094382827166642,Industry A,2023-01-06
2023-01-09,Industry A,0.0028072778987434,Industry A,2023-01-09
10/01/2023,Industry A,0.0060640222936076,Industry A,2023-10-01
2023-01-11,Industry A,-0.0065253936256369,Industry A,2023-01-11
2023-01-12,Industry A,-0.0028247537848402,Industry A,2023-01-12
2023-01-13,Industry A,-0.0032785073856984,Industry A,2023-01-13
2023-01-16,Industry A,-0.0090066048223676,Industry A,2023-01-16
17/01/2023,Industry A,-0.016122921251106,Industry A,2023-01-17
2023-01-18,Ind. A,0.0067438791436047,Industry A,2023-01-18
2023-01-19,Ind. A,0.0117820459127439,Industry A,2023-01-19
2023-01-20,Industry A,0.004904131248389,Industry A,2023-01-20
2023-01-23,Industry A,-0.0008984802330184,Industry A,2023-01-23
2023-01-24,Industry A,0.0267698313895029,Industry A,2023-01-24
2023-01-25,Industry A,-0.0077905325334452,Industry A,2023-01-25
2023-01-26,industry a,0.00322225298354,Industry A,2023-01-26
2023-01-27,Industry A,0.0136721390547648,Industry A,2023-01-27
2023-01-30,IndustryA,-0.0131311731425886,Industry A,2023-01-30
2023-01-31,Industry A,0.0077081068591538,Industry A,2023-01-31
2023-02-02,IndustryA,7.764661249944643e-05,Industry A,2023-02-02
2023-02-03,industry a,0.0021115734059556,Industry A,2023-02-03
2023-02-06,Industry A,-0.0077236013922638,Industry A,2023-02-06
2023-02-07,Ind. A,0.0059192356078877,Industry A,2023-02-07
2023-02-08,industry a,-0.0092798362464112,Industry A,2023-02-08
2023-02-09,Industry A,-0.0006375854291456,Industry A,2023-02-09
2023-02-10,Industry A,-0.0174617482158902,Industry A,2023-02-10
2023-02-13,Industry A,-0.0310226597806202,Industry A,2023-02-13
2023-02-14,IndustryA,-0.0055369966930458,Industry A,2023-02-14
2023-02-15,Industry A,-0.0057216185098465,Industry A,2023-02-15
2023-02-16,Industry A,-0.0045629660948535,Industry A,2023-02-16
17/02/2023,IndustryA,0.0090420383710406,Industry A,2023-02-17
2023-02-20,Industry A,0.0121586586139808,Industry A,2023-02-20
2023-02-21,IndustryA,0.0037351141107005,Industry A,2023-02-21
2023-02-22,Industry A,0.008120449901484,Industry A,2023-02-22
2023-02-23,industry a,-0.0089612718077279,Industry A,2023-02-23
2023-02-24,Ind. A,-0.0117320213019414,Industry A,2023-02-24
2023-02-27,Industry A,0.0061750752112325,Industry A,2023-02-27
2023-02-28,Industry A,-0.0132754845892855,Industry A,2023-02-28
2023-03-01,industry a,-0.0144964573318064,Industry A,2023-03-01
2023-03-02,IndustryA,0.0344892610776783,Industry A,2023-03-02
2023-03-06,Industry A,-0.0215225598530417,Industry A,2023-03-06
2023-03-07,Industry A,-0.0129147428931849,Industry A,2023-03-07
2023-03-08,IndustryA,0.0208683193039477,Industry A,2023-03-08
2023-03-09,Industry A,0.0047562509673678,Industry A,2023-03-09
2023-03-10,IndustryA,-0.0018744529893212,Industry A,2023-03-10
2023-03-13,Ind. A,-0.0001880454243425,Industry A,2023-03-13
2023-03-14,Industry A,-0.0021520515741401,Industry A,2023-03-14
2023-03-15,Industry A,-0.0166829699872223,Industry A,2023-03-15
2023-03-16,Industry A,-0.0029387428127968,Industry A,2023-03-16
2023-03-17,Industry A,-0.0152335604405054,Industry A,2023-03-17
2023-03-20,Industry A,0.000845030755886,Industry A,2023-03-20
2023-03-21,Industry A,-0.010781495913754,Industry A,2023-03-21
2023-03-22,Industry A,0.0048447047527489,Industry A,2023-03-22
2023-03-23,Industry A,0.0021013766059968,Industry A,2023-03-23
2023-03-24,Industry A,0.0095248755078907,Industry A,2023-03-24
2023-03-27,Industry A,-0.0054157157598915,Industry A,2023-03-27
2023-03-28,IndustryA,0.0058138373949158,Industry A,2023-03-28
2023-03-29,industry a,0.0077528480732264,Industry A,2023-03-29
2023-03-30,Industry A,0.0100251674041693,Industry A,2023-03-30
2023-03-31,Ind. A,0.0096162645935802,Industry A,2023-03-31
2023-04-03,Industry A,-0.0094543195626977,Industry A,2023-04-03
2023-04-04,Industry A,0.0187219142721746,Industry A,2023-04-04
2023-04-05,Ind. A,-0.0203738307459534,Industry A,2023-04-05
2023-04-06,industry a,0.0094624915084379,Industry A,2023-04-06
2023-04-07,Industry A,-0.0059447370318295,Industry A,2023-04-07
2023-04-10,Industry A,-0.0123674457566057,Industry A,2023-04-10
2023-04-11,Industry A,0.0027366377005792,Industry A,2023-04-11
2023-04-12,Industry A,0.0061561164120887,Industry A,2023-04-12
2023-04-13,industry a,0.0025829434481782,Industry A,2023-04-13
14/04/2023,Industry A,-0.0029105111117809,Industry A,2023-04-14
2023-04-17,industry a,0.0014904101606436,Industry A,2023-04-17
2023-04-18,Industry A,0.0094704776909931,Industry A,2023-04-18
19/04/2023,Industry A,0.0007306040348021,Industry A,2023-04-19
2023-04-20,Industry A,0.0010120550967525,Industry A,2023-04-20
2023-04-21,Industry A,0.0025181789577583,Industry A,2023-04-21
2023-04-24,industry a,-0.0060852733424948,Industry A,2023-04-24
2023-04-25,industry a,0.0130215448069315,Industry A,2023-04-25
2023-04-26,Industry A,0.0282541414300659,Industry A,2023-04-26
2023-04-27,Industry A,0.0040890706678405,Industry A,2023-04-27
2023-04-28,IndustryA,-0.0040182968217195,Industry A,2023-04-28
2023-05-01,Industry A,0.0103556487476927,Industry A,2023-05-01
2023-05-02,Industry A,0.0153093781920168,Industry A,2023-05-02
03/05/2023,industry a,-0.003786022358068,Industry A,2023-03-05
2023-05-04,Ind. A,0.0049308517933043,Industry A,2023-05-04
2023-05-05,Industry A,-0.0081311651469768,Industry A,2023-05-05
2023-05-08,Industry A,0.0114388322702814,Industry A,2023-05-08
2023-05-09,Industry A,0.0017283497078778,Industry A,2023-05-09
2023-05-10,Industry A,0.0089779088952912,Industry A,2023-05-10
2023-05-11,Industry A,-0.0127068674337161,Industry A,2023-05-11
2023-05-12,Industry A,0.0074115114163987,Industry A,2023-05-12
2023-05-15,Industry A,-0.0095134447491679,Industry A,2023-05-15
16/05/2023,Industry A,-0.0087263311251476,Industry A,2023-05-16
2023-05-17,Industry A,-0.011127442296664,Industry A,2023-05-17
2023-05-18,Industry A,0.0078010584923281,Industry A,2023-05-18
2023-05-19,Industry A,0.0151665370537094,Industry A,2023-05-19
2023-05-22,Industry A,-0.0203107132469218,Industry A,2023-05-22
2023-05-23,Industry A,-0.0071941010100942,Industry A,2023-05-23
2023-05-24,Industry A,-0.0127309989712445,Industry A,2023-05-24
2023-05-25,Industry A,-0.0143992445834728,Industry A,2023-05-25
2023-05-26,Industry A,0.0008203798571433,Industry A,2023-05-26
2023-05-29,Industry A,0.006292741419659,Industry A,2023-05-29
2023-05-30,Industry A,-0.0042809072418865,Industry A,2023-05-30
2023-05-31,Industry A,0.0030131733977851,Industry A,2023-05-31
2023-06-01,Industry A,-0.0118285089491946,Industry A,2023-06-01
2023-06-02,Industry A,0.0004080155498156,Industry A,2023-06-02
2023-06-05,IndustryA,-0.0054211083747934,Industry A,2023-06-05
2023-06-06,Industry A,0.0067877944889229,Industry A,2023-06-06
2023-06-07,Industry A,-0.0109728818553052,Industry A,2023-06-07
08/06/2023,Industry A,0.0006416659891634,Industry A,2023-08-06
2023-06-09,Industry A,-0.0220757388053734,Industry A,2023-06-09
2023-06-12,Industry A,0.000368864994482,Industry A,2023-06-12
2023-06-13,Industry A,-0.0095606849481601,Industry A,2023-06-13
2023-06-14,Ind. A,-0.0019223103228735,Industry A,2023-06-14
15/06/2023,Industry A,0.0074574989906068,Industry A,2023-06-15
2023-06-16,IndustryA,-0.0033321726823269,Industry A,2023-06-16
2023-06-19,Industry A,0.0054518680824116,Industry A,2023-06-19
2023-06-21,Industry A,0.0119550240938716,Industry A,2023-06-21
2023-06-22,IndustryA,0.0215398508806378,Industry A,2023-06-22
2023-06-23,Ind. A,0.0003667785119901,Industry A,2023-06-23
2023-06-26,Industry A,-0.00097688282239,Industry A,2023-06-26
2023-06-27,Industry A,-0.0176267440387728,Industry A,2023-06-27
28/06/2023,industry a,-0.0090202679145749,Industry A,2023-06-28
2023-06-29,Industry A,-0.0093285225003862,Industry A,2023-06-29
2023-06-30,IndustryA,0.0030115803245227,Industry A,2023-06-30
2023-07-03,Industry A,0.0071513836558511,Industry A,2023-07-03
04/07/2023,Industry A,0.0035274743745301,Industry A,2023-04-07
2023-07-05,IndustryA,-0.0127307359464079,Industry A,2023-07-05
2023-07-06,industry a,0.01919395336128,Industry A,2023-07-06
2023-07-07,Industry A,-0.0123273288576237,Industry A,2023-07-07
2023-07-10,Industry A,-0.0008823089605286,Industry A,2023-07-10
2023-07-11,Industry A,-0.0034596786245572,Industry A,2023-07-11
2023-07-12,Industry A,-0.0094719233059815,Industry A,2023-07-12
2023-07-13,Industry A,0.0115111234507975,Industry A,2023-07-13
2023-07-14,IndustryA,-0.0072462234477839,Industry A,2023-07-14
2023-07-17,IndustryA,-0.0087354802772627,Industry A,2023-07-17
2023-07-18,Industry A,0.0141880650786058,Industry A,2023-07-18
2023-07-19,Ind. A,-0.0008142385781376,Industry A,2023-07-19
20/07/2023,Industry A,-0.028375208081463,Industry A,2023-07-20
2023-07-21,Industry A,-0.0139894068664772,Industry A,2023-07-21
2023-07-24,industry a,0.0031601977953289,Industry A,2023-07-24
2023-07-25,IndustryA,0.0068110925707224,Industry A,2023-07-25
2023-07-26,industry a,-0.0092173509658718,Industry A,2023-07-26
27/07/2023,Industry A,-0.0021397586334374,Industry A,2023-07-27
2023-07-28,Industry A,0.0096723986680364,Industry A,2023-07-28
2023-07-31,Industry A,-0.0023712993106535,Industry A,2023-07-31
2023-08-01,Industry A,-0.0052657749862578,Industry A,2023-08-01
2023-08-02,Industry A,-0.0128853670306057,Industry A,2023-08-02
2023-08-03,Industry A,0.0111007195672076,Industry A,2023-08-03
2023-08-04,Industry A,-0.0365653583957487,Industry A,2023-08-04
2023-08-07,Industry A,0.0228342699026729,Industry A,2023-08-07
2023-08-08,Industry A,-0.0236097186775479,Industry A,2023-08-08
2023-08-09,Industry A,0.000360267098524,Industry A,2023-08-09
2023-08-10,Industry A,0.0035235041026323,Industry A,2023-08-10
2023-08-11,Industry A,0.0045561109725741,Industry A,2023-08-11
2023-08-14,industry a,0.0275291653826731,Industry A,2023-08-14
2023-08-15,Industry A,-0.0187640718141464,Industry A,2023-08-15
2023-08-16,Industry A,0.0138977692172386,Industry A,2023-08-16
2023-08-17,industry a,-0.0049192597967091,Industry A,2023-08-17
2023-08-18,Industry A,0.0113329087946144,Industry A,2023-08-18
2023-08-21,Industry A,-0.0088000208349821,Industry A,2023-08-21
2023-08-22,IndustryA,-0.0034734285815194,Industry A,2023-08-22
2023-08-23,Industry A,-0.0104802489971632,Industry A,2023-08-23
2023-08-24,Industry A,-0.0050163936846776,Industry A,2023-08-24
2023-08-25,Industry A,-0.0057186621460709,Industry A,2023-08-25
2023-08-28,Ind. A,0.0003605097525903,Industry A,2023-08-28
2023-08-29,Industry A,0.0033370449527596,Industry A,2023-08-29
2023-08-30,Industry A,0.0035508986472027,Industry A,2023-08-30
2023-08-31,IndustryA,0.0008712722015888,Industry A,2023-08-31
2023-09-01,Industry A,0.0045959952038005,Industry A,2023-09-01
2023-09-04,industry a,0.0050597878270961,Industry A,2023-09-04
2023-09-05,Ind. A,-0.0030447633051453,Industry A,2023-09-05
2023-09-06,Industry A,0.0152933474104333,Industry A,2023-09-06
2023-09-07,Industry A,0.0003405970126323,Industry A,2023-09-07
2023-09-08,Industry A,0.0064004338237815,Industry A,2023-09-08
2023-09-11,Industry A,0.0178392467712947,Industry A,2023-09-11
2023-09-12,Industry A,0.0121960882384638,Industry A,2023-09-12
2023-09-13,IndustryA,-0.0184300896796006,Industry A,2023-09-13
2023-09-14,industry a,-0.0002032412794737,Industry A,2023-09-14
2023-09-15,IndustryA,0.0012159353687931,Industry A,2023-09-15
2023-09-18,Industry A,0.0102143065684286,Industry A,2023-09-18
2023-09-19,Ind. A,0.0103272426986402,Industry A,2023-09-19
2023-09-20,industry a,-0.0020808600748089,Industry A,2023-09-20
2023-09-21,Ind. A,-0.0020630335960721,Industry A,2023-09-21
22/09/2023,Industry A,-0.0114376047413808,Industry A,2023-09-22
2023-09-25,Industry A,-0.0081012369160277,Industry A,2023-09-25
2023-09-26,Industry A,0.0091934841848787,Industry A,2023-09-26
2023-09-27,Industry A,0.0076592157574516,Industry A,2023-09-27
2023-09-28,Industry A,0.00257067539033,Industry A,2023-09-28
2023-09-29,Ind. A,-0.0260373037450068,Industry A,2023-09-29
2023-10-02,Industry A,0.0040878830752657,Industry A,2023-10-02
2023-10-03,industry a,0.0190560297929884,Industry A,2023-10-03
2023-10-04,Industry A,-0.0117762831195265,Industry A,2023-10-04
2023-10-05,Industry A,0.0059640115505765,Industry A,2023-10-05
2023-10-06,Industry A,0.0179611904445669,Industry A,2023-10-06
2023-10-09,IndustryA,-0.0044534554665914,Industry A,2023-10-09
2023-10-10,Industry A,0.0096668946005988,Industry A,2023-10-10
2023-10-11,Industry A,-0.0026612362117636,Industry A,2023-10-11
2023-10-12,Industry A,0.0193149450694736,Industry A,2023-10-12
2023-10-13,Industry A,-0.0290709956628713,Industry A,2023-10-13
2023-10-16,Industry A,-0.0081882622372471,Industry A,2023-10-16
2023-10-17,industry a,-0.0008404564101054,Industry A,2023-10-17
2023-10-18,Industry A,0.0096840869814164,Industry A,2023-10-18
2023-10-19,Industry A,-0.0060041706994523,Industry A,2023-10-19
2023-10-20,IndustryA,-0.0071690173041324,Industry A,2023-10-20
2023-10-23,Industry A,0.0082226641190808,Industry A,2023-10-23
2023-10-24,Industry A,-0.000339942491716,Industry A,2023-10-24
2023-10-25,Industry A,0.0086716369603857,Industry A,2023-10-25
2023-10-26,Industry A,0.0039055913221779,Industry A,2023-10-26
2023-10-27,Industry A,-0.0137180714292035,Industry A,2023-10-27
30/10/2023,Industry A,-0.0019995706771271,Industry A,2023-10-30
2023-10-31,Industry A,0.0072644393385818,Industry A,2023-10-31
2023-11-01,Industry A,0.0119622904600618,Industry A,2023-11-01
2023-11-02,Industry A,-0.0081706864791556,Industry A,2023-11-02
2023-11-03,Industry A,-0.0195699555885692,Industry A,2023-11-03
2023-11-06,industry a,-0.0040550505670162,Industry A,2023-11-06
2023-11-07,Industry A,-0.0062285784732328,Industry A,2023-11-07
2023-11-08,Industry A,0.0191081311060479,Industry A,2023-11-08
2023-11-09,Industry A,-0.0170962095968086,Industry A,2023-11-09
2023-11-10,Industry A,0.0164811578895675,Industry A,2023-11-10
2023-11-13,Industry A,-0.0073850298737069,Industry A,2023-11-13
14/11/2023,Industry A,-0.0277251975633437,Industry A,2023-11-14
2023-11-15,Industry A,-0.0031688008102085,Industry A,2023-11-15
2023-11-16,Industry A,-0.0050287610580008,Industry A,2023-11-16
2023-11-17,Industry A,0.0138054712707681,Industry A,2023-11-17
2023-11-20,Industry A,-0.0067221816777797,Industry A,2023-11-20
2023-11-21,IndustryA,0.0220646626561141,Industry A,2023-11-21
2023-11-22,Industry A,0.0125309728466458,Industry A,2023-11-22
2023-11-23,Industry A,0.0014296684052378,Industry A,2023-11-23
2023-11-24,IndustryA,-0.0112961392084147,Industry A,2023-11-24
2023-11-27,Industry A,0.003516972371045,Industry A,2023-11-27
2023-11-28,Industry A,-0.001356834438262,Industry A,2023-11-28
2023-11-29,Industry A,0.0070540887954925,Industry A,2023-11-29
30/11/2023,IndustryA,0.009076310100955,Industry A,2023-11-30
01/12/2023,Industry A,0.0314435155850049,Industry A,2023-01-12
2023-12-05,Industry A,0.0100292500269456,Industry A,2023-12-05
2023-12-06,industry a,-0.0046379521231605,Industry A,2023-12-06
2023-12-07,Industry A,-0.0097310108888159,Industry A,2023-12-07
2023-12-08,industry a,0.0012751132084212,Industry A,2023-12-08
2023-12-11,Industry A,-0.0070551833941544,Industry A,2023-12-11
2023-12-12,Industry A,-0.0227991696102185,Industry A,2023-12-12
2023-12-13,Industry A,-0.0155580126183992,Industry A,2023-12-13
2023-12-14,Industry A,-0.0140665618431712,Industry A,2023-12-14
2023-12-15,Industry A,-0.0090890306197845,Industry A,2023-12-15
2023-12-18,IndustryA,0.0160700519782774,Industry A,2023-12-18
2023-12-19,Industry A,0.000393552983312,Industry A,2023-12-19
2023-12-20,Industry A,-0.0049987918794762,Industry A,2023-12-20
2023-12-21,Industry A,0.0072100288802274,Industry A,2023-12-21
2023-12-22,IndustryA,0.0006377690673707,Industry A,2023-12-22
2023-12-25,Ind. A,0.0027405654100471,Industry A,2023-12-25
2023-12-26,Ind. A,-0.0031608235225705,Industry A,2023-12-26
2023-12-27,Industry A,-0.0103748613692326,Industry A,2023-12-27
28/12/2023,Industry A,-0.0002298969599914,Industry A,2023-12-28
29/12/2023,industry a,-0.0011718660160569,Industry A,2023-12-29
2024-01-01,Industry A,0.0103755049215643,Industry A,2024-01-01
02/01/2024,industry a,0.0001729970659501,Industry A,2024-02-01
2024-01-03,Industry A,-0.0082212033552013,Industry A,2024-01-03
04/01/2024,Industry A,-0.0089438982859238,Industry A,2024-04-01
2024-01-05,Industry A,0.0267276905287188,Industry A,2024-01-05
2024-01-08,Industry A,-0.0261105218896889,Industry A,2024-01-08
2024-01-09,Industry A,0.0149825016114716,Industry A,2024-01-09
11/01/2024,industry a,0.006013441270981,Industry A,2024-11-01
12/01/2024,Industry A,0.0112330841197638,Industry A,2024-12-01
2024-01-15,Industry A,0.004505553006875,Industry A,2024-01-15
2024-01-16,Industry A,-0.0034855248770294,Industry A,2024-01-16
2024-01-17,IndustryA,0.0206812116850276,Industry A,2024-01-17
2024-01-18,Ind. A,0.0098585667903485,Industry A,2024-01-18
2024-01-19,Industry A,-0.0068381878110395,Industry A,2024-01-19
2024-01-22,Industry A,0.0174319282132125,Industry A,2024-01-22
2024-01-23,Industry A,-0.0203376779167655,Industry A,2024-01-23
2024-01-24,Industry A,0.0215875255124565,Industry A,2024-01-24
2024-01-25,Industry A,-0.0214057443008101,Industry A,2024-01-25
2024-01-26,Industry A,0.0083887101177535,Industry A,2024-01-26
2024-01-29,Industry A,-0.0042570128329848,Industry A,2024-01-29
30/01/2024,Ind. A,-0.0063038008027143,Industry A,2024-01-30
2024-01-31,Ind. A,0.006706343428691,Industry A,2024-01-31
2024-02-01,Ind. A,0.0019461776640271,Industry A,2024-02-01
2024-02-02,Industry A,0.0127476814425111,Industry A,2024-02-02
2024-02-05,Industry A,-0.0192631015219625,Industry A,2024-02-05
2024-02-06,Industry A,0.0077748599368057,Industry A,2024-02-06
2024-02-07,Industry A,0.0050927404354164,Industry A,2024-02-07
2024-02-08,Industry A,0.0096497924526263,Industry A,2024-02-08
2024-02-09,Industry A,-0.0056453627297821,Industry A,2024-02-09
2024-02-12,Industry A,0.0244476763853099,Industry A,2024-02-12
2024-02-13,Industry A,0.0061974572515495,Industry A,2024-02-13
2024-02-14,Industry A,-0.0010988000598756,Industry A,2024-02-14
15/02/2024,Industry A,-0.0248203395601585,Industry A,2024-02-15
2024-02-16,Industry A,-0.0043604567463063,Industry A,2024-02-16
2024-02-19,Industry A,0.010274817089291,Industry A,2024-02-19
2024-02-20,Industry A,0.0180814921075588,Industry A,2024-02-20
2024-02-21,Industry A,0.0007526976629253,Industry A,2024-02-21
2024-02-23,Industry A,-0.0110984512267576,Industry A,2024-02-23
2024-02-26,Industry A,0.0054741937314971,Industry A,2024-02-26
2024-02-27,Industry A,0.0058323279154492,Industry A,2024-02-27
2024-02-28,Industry A,0.0078792339896094,Industry A,2024-02-28
2024-02-29,IndustryA,0.0023949767615444,Industry A,2024-02-29
2024-03-01,Industry A,0.0047752566809717,Industry A,2024-03-01
2024-03-04,Industry A,-0.0113653022468126,Industry A,2024-03-04
2024-03-05,Industry A,0.0166681081143982,Industry A,2024-03-05
2024-03-06,IndustryA,0.0118159856546463,Industry A,2024-03-06
2024-03-07,Industry A,0.0042777028938851,Industry A,2024-03-07
2024-03-08,Industry A,0.0121322056174918,Industry A,2024-03-08
2024-03-11,Industry A,0.0171219439436232,Industry A,2024-03-11
2024-03-12,Ind. A,0.0076902112696343,Industry A,2024-03-12
13/03/2024,Industry A,0.026103908128458,Industry A,2024-03-13
2024-03-14,Industry A,0.0087559691041411,Industry A,2024-03-14
15/03/2024,Industry A,-0.0096724242769492,Industry A,2024-03-15
2024-03-18,Industry A,0.0036426934195112,Industry A,2024-03-18
2024-03-19,industry a,0.0126594791478058,Industry A,2024-03-19
2024-03-20,Industry A,0.0171358038305205,Industry A,2024-03-20
2024-03-21,IndustryA,0.0026564802322463,Industry A,2024-03-21
2024-03-22,Industry A,-0.0105699156502559,Industry A,2024-03-22
2024-03-25,Industry A,-0.0021579810447772,Industry A,2024-03-25
2024-03-26,Industry A,-0.0157705270313618,Industry A,2024-03-26
2024-03-27,industry a,0.0100846511245255,Industry A,2024-03-27
2024-03-28,industry a,-0.0045067121550433,Industry A,2024-03-28
2024-03-29,Ind. A,-0.0079477517722237,Industry A,2024-03-29
2024-04-01,Ind. A,0.0113645342914747,Industry A,2024-04-01
2024-04-02,Industry A,0.0200885134427899,Industry A,2024-04-02
2024-04-03,Ind. A,-0.007997101619022,Industry A,2024-04-03
2024-04-04,Industry A,0.002737521828367,Industry A,2024-04-04
2024-04-05,IndustryA,-0.0016615975741671,Industry A,2024-04-05
2024-04-08,industry a,0.0177944338355081,Industry A,2024-04-08
2024-04-09,Industry A,-0.0003092057209492,Industry A,2024-04-09
2024-04-10,Industry A,-0.0116348813261991,Industry A,2024-04-10
2024-04-11,Industry A,0.0002638743254204,Industry A,2024-04-11
2024-04-12,Industry A,0.0146891003397344,Industry A,2024-04-12
2024-04-15,Industry A,-0.0023674377263297,Industry A,2024-04-15
2024-04-16,Industry A,-0.0068222613871241,Industry A,2024-04-16
2024-04-17,industry a,-0.0008548778484305,Industry A,2024-04-17
2024-04-18,Industry A,-0.0112820405545557,Industry A,2024-04-18
2024-04-19,Industry A,-0.0016770577497195,Industry A,2024-04-19
2024-04-22,Industry A,-0.0059636351285789,Industry A,2024-04-22
2024-04-23,Ind. A,0.0289121206762188,Industry A,2024-04-23
2024-04-24,Industry A,-0.0225737739987973,Industry A,2024-04-24
2024-04-25,Industry A,-0.0097217092647168,Industry A,2024-04-25
2024-04-26,Ind. A,-0.006831018525419,Industry A,2024-04-26
2024-04-29,Industry A,-0.0112064344862289,Industry A,2024-04-29
2024-04-30,IndustryA,0.0055977839186784,Industry A,2024-04-30
2024-05-01,Industry A,-0.0082010083557506,Industry A,2024-05-01
2024-05-02,industry a,-0.0169457852107153,Industry A,2024-05-02
2024-05-03,Industry A,0.0016255584788348,Industry A,2024-05-03
06/05/2024,Ind. A,-0.0030565179151806,Industry A,2024-06-05
2024-05-07,Industry A,-0.0076689215491877,Industry A,2024-05-07
2024-05-08,Ind. A,0.0174317374976213,Industry A,2024-05-08
2024-05-09,Industry A,0.0060223787777324,Industry A,2024-05-09
10/05/2024,Ind. A,0.004585848140462,Industry A,2024-10-05
2024-05-13,Industry A,0.0063039145162171,Industry A,2024-05-13
2024-05-15,industry a,-0.0024591540399772,Industry A,2024-05-15
2024-05-16,IndustryA,-0.0080813864938233,Industry A,2024-05-16
2024-05-17,industry a,0.0018940282259916,Industry A,2024-05-17
2024-05-20,Ind. A,-0.0026772521547231,Industry A,2024-05-20
2024-05-21,Industry A,-0.0227171548689553,Industry A,2024-05-21
2024-05-22,Industry A,-0.0121843869419389,Industry A,2024-05-22
2024-05-23,industry a,-0.0041886014277545,Industry A,2024-05-23
2024-05-24,Industry A,0.0116521799491003,Industry A,2024-05-24
2024-05-27,Industry A,0.0019475637721266,Industry A,2024-05-27
2024-05-28,IndustryA,-0.0101437882637604,Industry A,2024-05-28
2024-05-29,Industry A,-0.0131445310523104,Industry A,2024-05-29
2024-05-30,industry a,0.0144337100254259,Industry A,2024-05-30
2024-05-31,IndustryA,-0.0019145567075437,Industry A,2024-05-31
2024-06-03,Industry A,-0.034138220441208,Industry A,2024-06-03
2024-06-04,Industry A,-0.0011602479740776,Industry A,2024-06-04
05/06/2024,Industry A,0.0086783901547739,Industry A,2024-05-06
2024-06-06,Industry A,-0.0134824822798138,Industry A,2024-06-06
2024-06-07,Industry A,0.0010106658089698,Industry A,2024-06-07
2024-06-10,industry a,0.0021430324074208,Industry A,2024-06-10
2024-06-11,Industry A,-0.0128324146364097,Industry A,2024-06-11
2024-06-12,IndustryA,0.0156791563834188,Industry A,2024-06-12
2024-06-13,industry a,0.0023557601693606,Industry A,2024-06-13
2024-06-14,industry a,-0.0042485246136772,Industry A,2024-06-14
2024-06-17,Industry A,-0.0018346085884053,Industry A,2024-06-17
2024-06-18,Industry A,-0.0149731643341265,Industry A,2024-06-18
2024-06-19,Ind. A,-0.015423214841962,Industry A,2024-06-19
2024-06-20,Industry A,-0.0053480764662554,Industry A,2024-06-20
2024-06-21,Industry A,-0.0046333952932748,Industry A,2024-06-21
2024-06-24,Industry A,-0.0026218077593732,Industry A,2024-06-24
2024-06-25,IndustryA,0.016904851051691,Industry A,2024-06-25
2024-06-26,Industry A,0.0079708892367402,Industry A,2024-06-26
2024-06-28,Industry A,0.0141211141597226,Industry A,2024-06-28
2024-07-01,Ind. A,-0.0054383829906348,Industry A,2024-07-01
2024-07-02,Ind. A,0.0091971866438974,Industry A,2024-07-02
2024-07-03,Industry A,-0.0045236496555645,Industry A,2024-07-03
2024-07-04,IndustryA,0.0015665023297041,Industry A,2024-07-04
05/07/2024,Ind. A,-0.0141710594684098,Industry A,2024-05-07
2024-07-08,Industry A,0.0041785003416043,Industry A,2024-07-08
2024-07-09,industry a,0.010663705996628,Industry A,2024-07-09
2024-07-10,Industry A,-0.0192035128019793,Industry A,2024-07-10
2024-07-11,Industry A,0.010869527810324,Industry A,2024-07-11
2024-07-12,IndustryA,-0.0081285198862917,Industry A,2024-07-12
2024-07-15,Industry A,0.0212317706546112,Industry A,2024-07-15
2024-07-16,industry a,0.0094387517752971,Industry A,2024-07-16
2024-07-17,Industry A,0.0071205003385208,Industry A,2024-07-17
2024-07-18,IndustryA,-0.0017651692494664,Industry A,2024-07-18
2024-07-19,Ind. A,0.03181688905298,Industry A,2024-07-19
2024-07-22,Industry A,-0.0053656052962172,Industry A,2024-07-22
2024-07-23,Industry A,-0.0119304270142758,Industry A,2024-07-23
2024-07-24,Industry A,-0.0077328291496856,Industry A,2024-07-24
2024-07-25,Industry A,0.0129917315569176,Industry A,2024-07-25
2024-07-26,Industry A,0.0013336399018356,Industry A,2024-07-26
2024-07-30,Industry A,-0.0051938011572364,Industry A,2024-07-30
2024-07-31,Industry A,-0.0011024395922218,Industry A,2024-07-31
2024-08-01,Industry A,-0.0059955711623381,Industry A,2024-08-01
2024-08-02,Industry A,0.0083072795979737,Industry A,2024-08-02
2024-08-05,Industry A,-0.0028902543869174,Industry A,2024-08-05
2024-08-06,Industry A,-0.0075227334994077,Industry A,2024-08-06
2024-08-07,Ind. A,0.0118376538487009,Industry A,2024-08-07
2024-08-08,Industry A,-0.0115829181514096,Industry A,2024-08-08
2024-08-09,Industry A,0.0015044258337609,Industry A,2024-08-09
12/08/2024,Industry A,-0.0227867819736279,Industry A,2024-12-08
2024-08-13,Industry A,-0.0163125199788777,Industry A,2024-08-13
2024-08-14,Industry A,-0.0041731410167708,Industry A,2024-08-14
2024-08-15,Industry A,-0.0062055512759105,Industry A,2024-08-15
2024-08-16,Industry A,-0.0062230667995669,Industry A,2024-08-16
2024-08-19,Ind. A,0.0095584353502733,Industry A,2024-08-19
20/08/2024,Industry A,0.010318091720272,Industry A,2024-08-20
2024-08-21,Industry A,0.0037870178310098,Industry A,2024-08-21
2024-08-22,IndustryA,-0.012174424821275,Industry A,2024-08-22
2024-08-23,IndustryA,-0.0011951997437243,Industry A,2024-08-23
2024-08-26,IndustryA,0.0232939524441508,Industry A,2024-08-26
2024-08-27,Industry A,0.0301271240687358,Industry A,2024-08-27
2024-08-28,Industry A,0.0119680795319291,Industry A,2024-08-28
2024-08-29,Industry A,-0.0117482827221016,Industry A,2024-08-29
2024-08-30,Industry A,-0.0010904049311927,Industry A,2024-08-30
02/09/2024,Industry A,0.0029680676285675,Industry A,2024-02-09
2024-09-03,Industry A,0.0011047945177527,Industry A,2024-09-03
2024-09-04,Industry A,0.0133527707966861,Industry A,2024-09-04
2024-09-05,Industry A,0.0089817607318506,Industry A,2024-09-05
2024-09-06,Industry A,-0.0123431533767816,Industry A,2024-09-06
2024-09-09,Industry A,-0.007249856628167,Industry A,2024-09-09
2024-09-11,Industry A,0.0173710282258922,Industry A,2024-09-11
2024-09-12,Industry A,0.0031207869968064,Industry A,2024-09-12
2024-09-13,Industry A,0.0191045197932264,Industry A,2024-09-13
2024-09-16,Ind. A,0.0017139823571716,Industry A,2024-09-16
2024-09-17,Industry A,-0.0104774839155663,Industry A,2024-09-17
2024-09-18,Ind. A,0.0077944198826874,Industry A,2024-09-18
2024-09-19,Industry A,0.0369143747479618,Industry A,2024-09-19
2024-09-20,Industry A,-0.0148885896997764,Industry A,2024-09-20
2024-09-23,Industry A,0.0185517617476075,Industry A,2024-09-23
2024-09-24,Industry A,0.0070669090422472,Industry A,2024-09-24
2024-09-25,Ind. A,-0.0079301385483012,Industry A,2024-09-25
26/09/2024,Industry A,-0.0225405501993745,Industry A,2024-09-26
2024-09-27,Industry A,-0.0267139314593252,Industry A,2024-09-27
2024-09-30,Industry A,-0.006246325528161,Industry A,2024-09-30
2024-10-01,Ind. A,0.0049569020264848,Industry A,2024-10-01
2024-10-02,industry a,0.0109255849512254,Industry A,2024-10-02
03/10/2024,Industry A,0.0138897534723365,Industry A,2024-03-10
2024-10-04,Industry A,0.0038416028098,Industry A,2024-10-04
2024-10-07,Industry A,0.0018998803686923,Industry A,2024-10-07
2024-10-08,Ind. A,-0.0037893104120772,Industry A,2024-10-08
2024-10-09,Industry A,0.0052594019589179,Industry A,2024-10-09
2024-10-10,Industry A,-0.0077580850076411,Industry A,2024-10-10
2024-10-11,IndustryA,-0.0143247847333934,Industry A,2024-10-11
2024-10-14,Industry A,0.0011434120343814,Industry A,2024-10-14
15/10/2024,Industry A,0.0099025729952242,Industry A,2024-10-15
2024-10-16,Industry A,-0.0166780075241467,Industry A,2024-10-16
2024-10-17,Industry A,-0.0062451638747933,Industry A,2024-10-17
2024-10-18,Industry A,0.0006941602441901,Industry A,2024-10-18
2024-10-21,Industry A,0.0004404474903957,Industry A,2024-10-21
2024-10-22,industry a,0.0067265240493461,Industry A,2024-10-22
2024-10-23,Ind. A,0.0228550876583535,Industry A,2024-10-23
2024-10-24,Ind. A,-0.0266204259747839,Industry A,2024-10-24
2024-10-25,Industry A,0.0235351735071227,Industry A,2024-10-25
2024-10-28,Industry A,0.0221714514650787,Industry A,2024-10-28
2024-10-29,Ind. A,0.0111458287517213,Industry A,2024-10-29
30/10/2024,IndustryA,0.002891472793003,Industry A,2024-10-30
2024-11-01,Industry A,0.0109826633617113,Industry A,2024-11-01
2024-11-04,Industry A,0.0035218367519698,Industry A,2024-11-04
2024-11-05,Industry A,-0.0035396732073966,Industry A,2024-11-05
2024-11-06,Industry A,0.0106361090803338,Industry A,2024-11-06
2024-11-07,Industry A,0.0128766270323705,Industry A,2024-11-07
2024-11-08,Industry A,-0.0326743974674737,Industry A,2024-11-08
2024-11-11,Industry A,0.0172595237369865,Industry A,2024-11-11
2024-11-12,Industry A,-0.0088086954191813,Industry A,2024-11-12
2024-11-13,Industry A,0.0153819193458599,Industry A,2024-11-13
2024-11-14,industry a,-0.0033208370927676,Industry A,2024-11-14
2024-11-15,Industry A,0.0029259535806495,Industry A,2024-11-15
2024-11-18,Industry A,0.0052696090908467,Industry A,2024-11-18
2024-11-19,Industry A,0.014231241308842,Industry A,2024-11-19
2024-11-20,Industry A,0.0092583427096885,Industry A,2024-11-20
2024-11-21,Industry A,-0.0299931423492731,Industry A,2024-11-21
2024-11-22,Industry A,-0.0120174113382242,Industry A,2024-11-22
2024-11-25,Industry A,0.0015655947840835,Industry A,2024-11-25
2024-11-26,Industry A,0.0236113217922403,Industry A,2024-11-26
2024-11-27,Industry A,-0.0001292002502046,Industry A,2024-11-27
2024-11-28,IndustryA,-0.00863527739846,Industry A,2024-11-28
2024-11-29,Industry A,-0.0189993920090121,Industry A,2024-11-29
2024-12-02,Industry A,-0.0079793746303652,Industry A,2024-12-02
2024-12-03,Industry A,-0.0001896918870094,Industry A,2024-12-03
2024-12-05,Industry A,-0.006808351998664,Industry A,2024-12-05
2024-12-06,Industry A,0.0040159843329685,Industry A,2024-12-06
2024-12-09,Industry A,-0.0013005329903186,Industry A,2024-12-09
10/12/2024,Industry A,0.027795968835378,Industry A,2024-10-12
2024-12-11,Industry A,0.0187427858203587,Industry A,2024-12-11
2024-12-12,Ind. A,0.0033114516984188,Industry A,2024-12-12
2024-12-13,Industry A,-0.0051648711024143,Industry A,2024-12-13
16/12/2024,Industry A,0.0192320459715184,Industry A,2024-12-16
2024-12-17,Industry A,0.0168046443343159,Industry A,2024-12-17
2024-12-18,Industry A,0.0197288160735762,Industry A,2024-12-18
2024-12-19,Industry A,0.0288826725278216,Industry A,2024-12-19
20/12/2024,Industry A,-0.008997542010372,Industry A,2024-12-20
2024-12-23,Industry A,0.0281722960586968,Industry A,2024-12-23
24/12/2024,Industry A,-0.0038094488005637,Industry A,2024-12-24
2024-12-25,Industry A,0.0084523062214133,Industry A,2024-12-25
2024-12-26,industry a,-0.0183739939928789,Industry A,2024-12-26
2024-12-27,Industry A,-0.0053502566073139,Industry A,2024-12-27
2024-12-30,Industry A,0.0129239264573563,Industry A,2024-12-30
2024-12-31,Industry A,0.0090755744598387,Industry A,2024-12-31
2025-01-01,Industry A,-0.0040389243019313,Industry A,2025-01-01
02/01/2025,Industry A,0.0016239700366879,Industry A,2025-02-01
2025-01-03,Industry A,-0.0066005563037217,Industry A,2025-01-03
2025-01-06,industry a,0.0128862712428963,Industry A,2025-01-06
2025-01-07,Industry A,-0.0243367391560578,Industry A,2025-01-07
2025-01-08,Industry A,0.0182148303659265,Industry A,2025-01-08
2025-01-09,IndustryA,-0.0089463511724469,Industry A,2025-01-09
2025-01-10,industry a,0.00035884007362,Industry A,2025-01-10
2025-01-13,Industry A,-0.0160991607383054,Industry A,2025-01-13
2025-01-14,Industry A,0.0034754690583606,Industry A,2025-01-14
15/01/2025,Industry A,0.0070623101916405,Industry A,2025-01-15
2025-01-16,IndustryA,0.0044855441152558,Industry A,2025-01-16
2025-01-17,Industry A,0.0060418225657914,Industry A,2025-01-17
2025-01-20,Industry A,-0.0009506032307916,Industry A,2025-01-20
2025-01-21,Industry A,-0.0006639831092774,Industry A,2025-01-21
2025-01-22,Industry A,-0.0012283420792015,Industry A,2025-01-22
2025-01-23,industry a,-0.0057069650651846,Industry A,2025-01-23
2025-01-24,Industry A,-0.0042821679661701,Industry A,2025-01-24
2025-01-27,industry a,0.0064741251289883,Industry A,2025-01-27
2025-01-28,Industry A,0.0172827136671803,Industry A,2025-01-28
2025-01-29,IndustryA,-0.0110108687697755,Industry A,2025-01-29
2025-01-30,Industry A,-0.0007092577175178,Industry A,2025-01-30
2025-01-31,Industry A,-0.0134599207235313,Industry A,2025-01-31
2025-02-03,Industry A,-0.0054941552034284,Industry A,2025-02-03
2025-02-04,Industry A,-0.00358947383386,Industry A,2025-02-04
2025-02-05,Industry A,0.0025908564949908,Industry A,2025-02-05
06/02/2025,IndustryA,0.0022460982322357,Industry A,2025-06-02
2025-02-07,industry a,0.0002495945918583,Industry A,2025-02-07
2025-02-10,Industry A,0.0054230474860527,Industry A,2025-02-10
2025-02-11,Industry A,-0.0099438455797308,Industry A,2025-02-11
2025-02-12,Industry A,0.0026930071713694,Industry A,2025-02-12
2025-02-13,Industry A,0.0094483853851371,Industry A,2025-02-13
2025-02-14,Industry A,-0.0100861168453291,Industry A,2025-02-14
2025-02-17,Industry A,-0.0205042511440924,Industry A,2025-02-17
2025-02-18,Industry A,0.012776354931407,Industry A,2025-02-18
19/02/2025,Industry A,-0.0131056356992564,Industry A,2025-02-19
2025-02-20,Industry A,-0.0060689491771722,Industry A,2025-02-20
2025-02-21,Industry A,0.0090719123080988,Industry A,2025-02-21
2025-02-24,Industry A,-0.0106643825521819,Industry A,2025-02-24
2025-02-25,Industry A,0.0118329174889784,Industry A,2025-02-25
2025-02-26,Industry A,-0.0077807406443394,Industry A,2025-02-26
2025-02-27,Industry A,-0.0092097075216449,Industry A,2025-02-27
2025-02-28,Ind. A,-0.0134052523050367,Industry A,2025-02-28
2025-03-03,Industry A,-0.0076778332818246,Industry A,2025-03-03
2025-03-04,Industry A,0.0072958487462298,Industry A,2025-03-04
2025-03-05,Industry A,-0.00606686175451,Industry A,2025-03-05
2025-03-06,Industry A,0.0128317330113867,Industry A,2025-03-06
2025-03-07,Ind. A,0.0007358993715615,Industry A,2025-03-07
2025-03-10,Ind. A,0.0017815811241298,Industry A,2025-03-10
11/03/2025,industry a,-0.0095556882956821,Industry A,2025-11-03
12/03/2025,Industry A,0.0147857889979723,Industry A,2025-12-03
2025-03-13,industry a,0.0095543530492574,Industry A,2025-03-13
2025-03-14,Industry A,0.0091857666317897,Industry A,2025-03-14
2025-03-17,Industry A,-0.0016387715230985,Industry A,2025-03-17
2025-03-18,Industry A,-0.0147849113284925,Industry A,2025-03-18
2025-03-19,IndustryA,0.0024261596790169,Industry A,2025-03-19
2025-03-20,Industry A,0.0067533419707093,Industry A,2025-03-20
2025-03-21,Ind. A,0.0068793999881306,Industry A,2025-03-21
2025-03-24,Industry A,0.0051546967426688,Industry A,2025-03-24
2025-03-25,Ind. A,0.0046364711076695,Industry A,2025-03-25
2025-03-26,Ind. A,-0.0078361771368664,Industry A,2025-03-26
2025-03-27,IndustryA,-0.0072832301155523,Industry A,2025-03-27
2025-03-28,Industry A,-0.0132991522612258,Industry A,2025-03-28
2025-03-31,Ind. A,0.0129882220966405,Industry A,2025-03-31
2025-04-01,Industry A,0.0238663514233257,Industry A,2025-04-01
2025-04-02,Industry A,0.0365811489813276,Industry A,2025-04-02
2025-04-03,Industry A,0.0032623202210721,Industry A,2025-04-03
2025-04-04,Ind. A,0.0046679067207236,Industry A,2025-04-04
2025-04-07,industry a,-0.001166996716637,Industry A,2025-04-07
2025-04-08,Industry A,0.0030697914156015,Industry A,2025-04-08
2025-04-09,IndustryA,-0.0107079723341646,Industry A,2025-04-09
2025-04-10,Industry A,-0.0014083266497123,Industry A,2025-04-10
11/04/2025,Industry A,-0.0091176928977803,Industry A,2025-11-04
2025-04-14,Industry A,-0.0029617270021484,Industry A,2025-04-14
2025-04-15,Ind. A,-0.0081786575167908,Industry A,2025-04-15
2025-04-16,Industry A,0.0067600043913978,Industry A,2025-04-16
2025-04-17,Ind. A,0.0083193746213183,Industry A,2025-04-17
2025-04-18,Industry A,0.0042852853220185,Industry A,2025-04-18
2025-04-21,industry a,-0.0072357157961681,Industry A,2025-04-21
22/04/2025,Industry A,-0.0140606662551792,Industry A,2025-04-22
2025-04-23,Industry A,0.0084633404117466,Industry A,2025-04-23
2025-04-24,Ind. A,0.0006717567922915,Industry A,2025-04-24
2025-04-25,industry a,-0.0209354728557105,Industry A,2025-04-25
2025-04-28,Industry A,0.0023254379600603,Industry A,2025-04-28
2025-04-29,Ind. A,0.0047602795885833,Industry A,2025-04-29
2025-04-30,IndustryA,-0.0177764773046925,Industry A,2025-04-30
2025-05-01,Industry A,0.0069790073752749,Industry A,2025-05-01
2025-05-02,Industry A,-0.0162153073285823,Industry A,2025-05-02
2025-05-05,Ind. A,-0.00847882823129,Industry A,2025-05-05
2025-05-06,Industry A,-0.0161446099702318,Industry A,2025-05-06
2025-05-07,IndustryA,-0.0096620235568906,Industry A,2025-05-07
2025-05-08,Industry A,-0.0139671320770418,Industry A,2025-05-08
2025-05-09,industry a,0.0129026337937017,Industry A,2025-05-09
2025-05-12,Industry A,-0.0022773491009264,Industry A,2025-05-12
13/05/2025,Industry A,-0.0048192206843657,Industry A,2025-05-13
2025-05-14,industry a,0.0141619497716776,Industry A,2025-05-14
2025-05-15,Ind. A,0.0134539403024668,Industry A,2025-05-15
2025-05-16,Industry A,-0.003914135834918,Industry A,2025-05-16
2025-05-19,Industry A,0.0040453941661524,Industry A,2025-05-19
2025-05-20,Industry A,-0.0063801464543802,Industry A,2025-05-20
2025-05-21,Industry A,-0.0005381881552556,Industry A,2025-05-21
2025-05-22,Industry A,-0.0121021503333301,Industry A,2025-05-22
2025-05-23,Industry A,0.0057959452660449,Industry A,2025-05-23
2025-05-26,Industry A,0.014699153905766,Industry A,2025-05-26
2025-05-27,Industry A,0.0122220076345928,Industry A,2025-05-27
28/05/2025,Industry A,0.001224456579231,Industry A,2025-05-28
2025-05-29,IndustryA,-0.0219294454140103,Industry A,2025-05-29
2025-05-30,Industry A,-0.0069037456927597,Industry A,2025-05-30
2025-06-02,industry a,-0.0005529602076241,Industry A,2025-06-02
2025-06-03,Ind. A,-0.0172330905611457,Industry A,2025-06-03
2025-06-04,Industry A,0.0183184481974437,Industry A,2025-06-04
2025-06-05,Industry A,0.0106371342459794,Industry A,2025-06-05
06/06/2025,Ind. A,0.0067495251181994,Industry A,2025-06-06
2025-06-09,Ind. A,0.0090953812038202,Industry A,2025-06-09
2025-06-10,Industry A,-0.0136191224008954,Industry A,2025-06-10
2025-06-11,Industry A,-0.0100323173756178,Industry A,2025-06-11
2025-06-12,industry a,0.0032989542439667,Industry A,2025-06-12
13/06/2025,industry a,0.0042434801127222,Industry A,2025-06-13
2025-06-16,Industry A,-0.0159984089475485,Industry A,2025-06-16
2025-06-17,Industry A,0.0024300149302269,Industry A,2025-06-17
18/06/2025,IndustryA,-0.0003367952102544,Industry A,2025-06-18
2025-06-19,Industry A,0.0117935561720492,Industry A,2025-06-19
2025-06-20,Industry A,0.0043040414890522,Industry A,2025-06-20
2025-06-23,Industry A,0.0199316205228042,Industry A,2025-06-23
2025-06-24,Industry A,-0.003849157049274,Industry A,2025-06-24
2025-06-25,Industry A,-0.0129061879250434,Industry A,2025-06-25
2025-06-26,Industry A,0.0195429257296098,Industry A,2025-06-26
2025-06-27,Industry A,0.0049417138283807,Industry A,2025-06-27
2025-06-30,Industry A,-0.000267150405818,Industry A,2025-06-30
2025-07-01,Industry A,-0.0096219712289246,Industry A,2025-07-01
2025-07-02,Industry A,-0.0037149241794859,Industry A,2025-07-02
2025-07-03,Industry A,-0.0043263144974688,Industry A,2025-07-03
2025-07-04,Industry A,-0.0133838372809235,Industry A,2025-07-04
2025-07-07,Industry A,-0.0251194077625596,Industry A,2025-07-07
08/07/2025,Industry A,-0.0045966406754771,Industry A,2025-08-07
2025-07-09,IndustryA,0.0094232451859564,Industry A,2025-07-09
2025-07-10,industry a,0.0158541643653866,Industry A,2025-07-10
2025-07-11,Industry A,0.012309197644808,Industry A,2025-07-11
2025-07-14,Industry A,0.0130790939814698,Industry A,2025-07-14
2025-07-15,Industry A,-0.0121420508912952,Industry A,2025-07-15
2025-07-16,Industry A,0.0035281301566425,Industry A,2025-07-16
17/07/2025,industry a,0.0068474420719438,Industry A,2025-07-17
2025-07-18,Industry A,0.0076444687271762,Industry A,2025-07-18
2025-07-21,Industry A,-0.0005310766564952,Industry A,2025-07-21
2025-07-22,Ind. A,0.0020184895491831,Industry A,2025-07-22
2025-07-23,Industry A,0.0249415898327793,Industry A,2025-07-23
2025-07-24,Ind. A,0.01191187939779,Industry A,2025-07-24
2025-07-25,Industry A,0.0063915017212141,Industry A,2025-07-25
28/07/2025,IndustryA,0.0086481808918598,Industry A,2025-07-28
2025-07-29,Industry A,-0.005126819637025,Industry A,2025-07-29
2025-07-30,Industry A,0.0079713677266347,Industry A,2025-07-30
2025-07-31,industry a,0.0018586811056916,Industry A,2025-07-31
2025-08-01,industry a,0.0105578088644496,Industry A,2025-08-01
2025-08-04,industry a,-0.0078399411625386,Industry A,2025-08-04
2025-08-05,Industry A,0.0094866941709183,Industry A,2025-08-05
2025-08-06,Industry A,-0.0035578472668993,Industry A,2025-08-06
2025-08-07,Industry A,0.0095459566054523,Industry A,2025-08-07
2025-08-08,Industry A,0.0036068720141056,Industry A,2025-08-08
2025-08-11,Industry A,0.0009696416285378,Industry A,2025-08-11
2025-08-12,Industry A,-0.002935172692495,Industry A,2025-08-12
2025-08-13,Industry A,-0.000216151000223,Industry A,2025-08-13
2025-08-14,Industry A,-0.0045698000191531,Industry A,2025-08-14
2025-08-15,Industry A,-0.0031764399028684,Industry A,2025-08-15
18/08/2025,Industry A,0.006055896449655,Industry A,2025-08-18
2025-08-19,Industry A,-0.0193365065674145,Industry A,2025-08-19
20/08/2025,industry a,0.0093693728660214,Industry A,2025-08-20
2025-08-21,Ind. A,0.0095855388691368,Industry A,2025-08-21
2025-08-22,Industry A,-0.0025884068725212,Industry A,2025-08-22
2025-08-25,Industry A,0.0023310934030831,Industry A,2025-08-25
2025-08-26,Industry A,-0.0108045873575291,Industry A,2025-08-26
2025-08-27,Industry A,0.0052438739573135,Industry A,2025-08-27
2025-08-28,Industry A,-0.0094686179993535,Industry A,2025-08-28
2025-08-29,Industry A,-0.03224581216088,Industry A,2025-08-29
01/09/2025,IndustryA,-0.0060929787156525,Industry A,2025-01-09
2025-09-02,Industry A,0.0021873458027918,Industry A,2025-09-02
2025-09-03,industry a,-0.0269105665309313,Industry A,2025-09-03
2025-09-04,Industry A,-0.0109398895694683,Industry A,2025-09-04
2025-09-05,Industry A,-0.0151822149727439,Industry A,2025-09-05
2025-09-08,Industry A,-0.003197959946638,Industry A,2025-09-08
2025-09-09,Industry A,0.0016963673318161,Industry A,2025-09-09
2025-09-10,Industry A,-0.0182352677685309,Industry A,2025-09-10
2025-09-11,Industry A,-0.0068066432691066,Industry A,2025-09-11
2025-09-12,Industry A,-0.0070989753663894,Industry A,2025-09-12
2025-09-15,Industry A,-0.0031506510305402,Industry A,2025-09-15
2025-09-16,industry a,-0.0031371555158549,Industry A,2025-09-16
2025-09-17,IndustryA,0.004098616625895,Industry A,2025-09-17
2025-09-18,Industry A,-0.007826912080041,Industry A,2025-09-18
2025-09-19,industry a,0.0053134873618331,Industry A,2025-09-19
2025-09-22,Industry A,-0.0058074177518638,Industry A,2025-09-22
2025-09-23,Industry A,-0.0059300147086361,Industry A,2025-09-23
2025-09-24,Industry A,-0.0205192801734853,Industry A,2025-09-24
25/09/2025,Ind. A,-0.0123651006491974,Industry A,2025-09-25
2025-09-26,Industry A,0.0074131020489715,Industry A,2025-09-26
2025-09-29,industry a,-0.0029227435667574,Industry A,2025-09-29
30/09/2025,Industry A,-0.0057320794021923,Industry A,2025-09-30
2025-10-01,Industry A,0.0100992546753692,Industry A,2025-10-01
2025-10-02,industry a,0.0128222583263302,Industry A,2025-10-02
2025-10-03,industry a,-0.0147715335897255,Industry A,2025-10-03
2025-10-06,industry a,0.0202534547427589,Industry A,2025-10-06
2025-10-07,Industry A,-0.0002841086384081,Industry A,2025-10-07
2025-10-08,Industry A,-0.0240693646725217,Industry A,2025-10-08
2025-10-09,Ind. A,-0.004096752034854,Industry A,2025-10-09
2025-10-10,Ind. A,0.0009863909699606,Industry A,2025-10-10
2025-10-13,Industry A,0.0115329904224832,Industry A,2025-10-13
2025-10-14,IndustryA,0.0149407324200126,Industry A,2025-10-14
2025-10-15,Industry A,-0.001184019937688,Industry A,2025-10-15
2025-10-16,Industry A,-0.0115412905604972,Industry A,2025-10-16
2025-10-17,Industry A,0.0047030897380008,Industry A,2025-10-17
2025-10-20,Industry A,0.0065011516876711,Industry A,2025-10-20
2025-10-21,Industry A,0.0097100889400712,Industry A,2025-10-21
2025-10-22,Industry A,0.01704164461721,Industry A,2025-10-22
2025-10-23,Ind. A,0.0014858608740718,Industry A,2025-10-23
2025-10-24,industry a,0.0065144242174867,Industry A,2025-10-24
2025-10-27,Industry A,0.0014020356559216,Industry A,2025-10-27
2025-10-28,industry a,0.0233001536208302,Industry A,2025-10-28
2025-10-29,Industry A,0.0007581580425768,Industry A,2025-10-29
2025-10-31,Industry A,-0.0037470384440005,Industry A,2025-10-31
03/11/2025,Industry A,0.0119431143639795,Industry A,2025-03-11
2025-11-04,Industry A,-0.0002530604133823,Industry A,2025-11-04
2025-11-05,Industry A,0.008650284141478,Industry A,2025-11-05
2025-11-06,IndustryA,0.0088547044735975,Industry A,2025-11-06
2025-11-07,Industry A,-0.0099532256341279,Industry A,2025-11-07
2025-11-10,Industry A,-0.0111179190924326,Industry A,2025-11-10
2025-11-11,Industry A,0.00946653772823,Industry A,2025-11-11
2025-11-12,Industry A,-0.0167516922712146,Industry A,2025-11-12
2025-11-13,Ind. A,-0.0163739671778892,Industry A,2025-11-13
2025-11-14,Industry A,0.02496673442788,Industry A,2025-11-14
17/11/2025,Industry A,-0.0225518223897527,Industry A,2025-11-17
2025-11-18,Ind. A,0.0114368050041757,Industry A,2025-11-18
2025-11-19,Industry A,-0.0034384194005259,Industry A,2025-11-19
2025-11-20,Industry A,0.0068052021312174,Industry A,2025-11-20
2025-11-21,Ind. A,0.0075289058695543,Industry A,2025-11-21
2025-11-24,Industry A,-0.0024738661090865,Industry A,2025-11-24
2025-11-25,Ind. A,0.0004207305868558,Industry A,2025-11-25
2025-11-26,Industry A,0.0108721550452681,Industry A,2025-11-26
2025-11-27,Ind. A,0.0159204763144034,Industry A,2025-11-27
2025-11-28,Industry A,0.0131764975272457,Industry A,2025-11-28
2025-12-01,Ind. A,0.0033863437893976,Industry A,2025-12-01
2025-12-02,Industry A,-0.0026471166291688,Industry A,2025-12-02
2025-12-03,industry a,-0.0112637381058377,Industry A,2025-12-03
04/12/2025,Industry A,0.0030974259152291,Industry A,2025-04-12
2025-12-05,Industry A,-0.0003015667345061,Industry A,2025-12-05
2025-12-08,IndustryA,0.0131517878771854,Industry A,2025-12-08
2025-12-09,Industry A,0.0073362825364422,Industry A,2025-12-09
2025-12-10,Industry A,0.0160656307289417,Industry A,2025-12-10
2025-12-11,Industry A,-0.0140858050562602,Industry A,2025-12-11
2025-12-12,Industry A,0.0199773459418865,Industry A,2025-12-12
15/12/2025,Ind. A,0.0055725803611408,Industry A,2025-12-15
16/12/2025,Industry A,-0.0122394747899752,Industry A,2025-12-16
2025-12-17,Industry A,-0.0165260218244155,Industry A,2025-12-17
2025-12-18,IndustryA,0.0131086756099303,Industry A,2025-12-18
2025-12-19,Industry A,-0.0034537336929583,Industry A,2025-12-19
2025-12-22,Industry A,-0.0005211069730615,Industry A,2025-12-22
2025-12-23,Industry A,0.0080818223206416,Industry A,2025-12-23
2025-12-25,Industry A,-0.018827240495203,Industry A,2025-12-25
2025-12-26,Ind. A,0.0190184773647659,Industry A,2025-12-26
2025-12-29,Industry A,-0.0156830596168166,Industry A,2025-12-29
2025-12-30,Ind. A,-0.001145966801327,Industry A,2025-12-30
31/12/2025,Industry A,-0.0020410976176522,Industry A,2025-12-31
2023-01-02,Industry B,-0.0066886057419556,Industry B,2023-01-02
03/01/2023,Industry B,0.0024654095962735,Industry B,2023-03-01
2023-01-04,industry b,-0.0006123614945669,Industry B,2023-01-04
2023-01-05,IndustryB,-0.0068361977642161,Industry B,2023-01-05
2023-01-06,Industry B,-0.0214075248730418,Industry B,2023-01-06
2023-01-09,Industry B,0.0241698698033214,Industry B,2023-01-09
2023-01-10,Industry B,0.0060563824534576,Industry B,2023-01-10
2023-01-11,Industry B,-0.0034916195899693,Industry B,2023-01-11
2023-01-12,Industry B,-0.0129452451417004,Industry B,2023-01-12
2023-01-13,Ind. B,0.0008474562279155,Industry B,2023-01-13
2023-01-16,Industry B,-0.0169444859210737,Industry B,2023-01-16
2023-01-17,industry b,-0.0041108950636144,Industry B,2023-01-17
2023-01-18,Industry B,0.0073363977543437,Industry B,2023-01-18
2023-01-19,Ind. B,0.0083047204911861,Industry B,2023-01-19
2023-01-20,IndustryB,0.0072638467036624,Industry B,2023-01-20
23/01/2023,Industry B,-0.0081437129417885,Industry B,2023-01-23
2023-01-24,Industry B,0.0095842167463749,Industry B,2023-01-24
25/01/2023,industry b,0.0015070111276196,Industry B,2023-01-25
2023-01-26,industry b,-0.0181589516627234,Industry B,2023-01-26
2023-01-27,Industry B,0.0068373883046669,Industry B,2023-01-27
2023-01-30,Industry B,0.0090871866715377,Industry B,2023-01-30
2023-01-31,Ind. B,-0.0134634896088906,Industry B,2023-01-31
2023-02-01,Industry B,0.0223089142401455,Industry B,2023-02-01
2023-02-02,IndustryB,0.0227483608007449,Industry B,2023-02-02
2023-02-03,Industry B,0.000845680235903,Industry B,2023-02-03
2023-02-06,Industry B,0.0036595840770533,Industry B,2023-02-06
2023-02-07,Ind. B,0.0037412979105331,Industry B,2023-02-07
2023-02-08,Ind. B,-0.0037314046292229,Industry B,2023-02-08
2023-02-09,IndustryB,-0.0194558415607662,Industry B,2023-02-09
2023-02-10,industry b,-0.0024218792460542,Industry B,2023-02-10
2023-02-13,Industry B,-0.0156985964112716,Industry B,2023-02-13
2023-02-14,Industry B,0.0153506272144504,Industry B,2023-02-14
2023-02-15,Industry B,0.0059700406522028,Industry B,2023-02-15
2023-02-16,Industry B,-0.0011324940706919,Industry B,2023-02-16
17/02/2023,Industry B,-0.0012039843844888,Industry B,2023-02-17
2023-02-20,Industry B,-0.0069232140999909,Industry B,2023-02-20
2023-02-21,Industry B,0.0154041663608745,Industry B,2023-02-21
2023-02-22,IndustryB,0.032235309924242,Industry B,2023-02-22
2023-02-23,Industry B,-0.0251026776930545,Industry B,2023-02-23
2023-02-24,Industry B,0.0023774923524104,Industry B,2023-02-24
27/02/2023,industry b,0.0051461349987628,Industry B,2023-02-27
2023-02-28,Industry B,0.0029720594995314,Industry B,2023-02-28
01/03/2023,Industry B,0.0078417267343312,Industry B,2023-01-03
2023-03-02,Industry B,0.0259095780528721,Industry B,2023-03-02
2023-03-03,Ind. B,-0.0027438269788148,Industry B,2023-03-03
06/03/2023,Industry B,-0.0215454655409784,Industry B,2023-06-03
2023-03-08,Industry B,0.0163997759052372,Industry B,2023-03-08
2023-03-09,Industry B,-0.0015817021595158,Industry B,2023-03-09
2023-03-10,industry b,0.0126372690377663,Industry B,2023-03-10
2023-03-13,Industry B,0.0074499701951224,Industry B,2023-03-13
2023-03-14,Industry B,-0.0062000677699372,Industry B,2023-03-14
2023-03-15,Industry B,-0.0382887641886223,Industry B,2023-03-15
2023-03-16,Industry B,-0.0009759951402931,Industry B,2023-03-16
2023-03-17,Industry B,-0.0096527288867804,Industry B,2023-03-17
2023-03-20,Industry B,-0.0303190089731059,Industry B,2023-03-20
2023-03-21,Ind. B,-0.0006697249639978,Industry B,2023-03-21
2023-03-22,Industry B,-0.0135974114443971,Industry B,2023-03-22
2023-03-23,industry b,0.0158494475165459,Industry B,2023-03-23
2023-03-24,Industry B,0.0043334384457477,Industry B,2023-03-24
2023-03-27,Industry B,-0.0122617909827584,Industry B,2023-03-27
2023-03-28,Industry B,0.006256037144239,Industry B,2023-03-28
2023-03-29,Industry B,0.0065159821362649,Industry B,2023-03-29
2023-03-30,Industry B,0.0073466817707991,Industry B,2023-03-30
2023-03-31,Ind. B,0.0181924723602999,Industry B,2023-03-31
2023-04-03,Ind. B,-0.0315281799834248,Industry B,2023-04-03
2023-04-04,Ind. B,0.0148804057698581,Industry B,2023-04-04
2023-04-05,Industry B,-0.0224436775533946,Industry B,2023-04-05
2023-04-06,Industry B,0.001661344563199,Industry B,2023-04-06
2023-04-07,IndustryB,0.0164295978353886,Industry B,2023-04-07
2023-04-10,Industry B,-0.018844847289546,Industry B,2023-04-10
2023-04-11,IndustryB,0.0072009810804239,Industry B,2023-04-11
2023-04-12,Industry B,0.0166938553541216,Industry B,2023-04-12
2023-04-13,industry b,0.0085223073779939,Industry B,2023-04-13
2023-04-14,Industry B,-0.0008704446648471,Industry B,2023-04-14
2023-04-18,Industry B,0.013594461752957,Industry B,2023-04-18
2023-04-19,IndustryB,-0.0111427993251072,Industry B,2023-04-19
2023-04-20,Industry B,0.0001869021467069,Industry B,2023-04-20
2023-04-21,Industry B,0.0330187490794622,Industry B,2023-04-21
2023-04-24,Industry B,0.0023626944350015,Industry B,2023-04-24
2023-04-25,Industry B,0.0091932230078855,Industry B,2023-04-25
2023-04-26,Industry B,0.0115308867393423,Industry B,2023-04-26
2023-04-27,IndustryB,-0.0089802590403705,Industry B,2023-04-27
2023-04-28,Industry B,0.0011259033515395,Industry B,2023-04-28
2023-05-01,Industry B,0.0107527620250625,Industry B,2023-05-01
2023-05-02,Industry B,0.0078087191697495,Industry B,2023-05-02
2023-05-03,Ind. B,0.0363441611935834,Industry B,2023-05-03
2023-05-04,Industry B,-0.007341769969395,Industry B,2023-05-04
2023-05-05,Industry B,-0.0183681403982259,Industry B,2023-05-05
2023-05-08,Industry B,0.0016369101247608,Industry B,2023-05-08
2023-05-09,Industry B,0.0001095688685353,Industry B,2023-05-09
2023-05-10,Industry B,-0.006731921122049,Industry B,2023-05-10
11/05/2023,Ind. B,-0.0044392580583565,Industry B,2023-11-05
2023-05-12,IndustryB,0.0091782804666063,Industry B,2023-05-12
2023-05-15,Industry B,0.0039521461033002,Industry B,2023-05-15
16/05/2023,Industry B,-0.0127077811121603,Industry B,2023-05-16
2023-05-17,Industry B,0.011895079580239,Industry B,2023-05-17
2023-05-18,Industry B,0.0133050568562241,Industry B,2023-05-18
2023-05-19,Industry B,0.0492683397331054,Industry B,2023-05-19
2023-05-22,industry b,-0.0227566898849172,Industry B,2023-05-22
2023-05-23,Industry B,-0.0164933600927836,Industry B,2023-05-23
2023-05-24,Industry B,-0.0119401792673398,Industry B,2023-05-24
25/05/2023,Industry B,-0.0038723083286885,Industry B,2023-05-25
2023-05-26,Ind. B,0.0073453852486099,Industry B,2023-05-26
2023-05-29,Industry B,0.0123716822750817,Industry B,2023-05-29
2023-05-31,Ind. B,-0.0248241290381084,Industry B,2023-05-31
01/06/2023,Industry B,-0.0319862072770441,Industry B,2023-01-06
2023-06-02,Industry B,-0.0015155993617058,Industry B,2023-06-02
2023-06-05,Industry B,0.025460366020207,Industry B,2023-06-05
2023-06-06,Industry B,0.0144275018212231,Industry B,2023-06-06
2023-06-07,Industry B,-0.0208799678094323,Industry B,2023-06-07
2023-06-08,Ind. B,0.0028370046482806,Industry B,2023-06-08
09/06/2023,Ind. B,-0.0158417524042975,Industry B,2023-09-06
2023-06-12,Industry B,-0.002872830581112,Industry B,2023-06-12
2023-06-13,Industry B,-0.0134655361507998,Industry B,2023-06-13
2023-06-14,Industry B,0.000124006028294,Industry B,2023-06-14
2023-06-15,Industry B,0.0198982666718455,Industry B,2023-06-15
2023-06-16,IndustryB,-0.0085370717479498,Industry B,2023-06-16
2023-06-19,industry b,0.0119791520977023,Industry B,2023-06-19
20/06/2023,Industry B,0.008267259994079,Industry B,2023-06-20
2023-06-21,Industry B,0.0256092208228413,Industry B,2023-06-21
2023-06-22,Industry B,0.0005241608913635,Industry B,2023-06-22
2023-06-23,Industry B,0.0003612079890309,Industry B,2023-06-23
2023-06-26,Industry B,-0.0098830949238024,Industry B,2023-06-26
2023-06-27,Industry B,-0.0092718001550536,Industry B,2023-06-27
2023-06-28,Industry B,-0.0042034466071563,Industry B,2023-06-28
2023-06-29,IndustryB,-0.0213295343571136,Industry B,2023-06-29
2023-06-30,Industry B,0.0039433839226906,Industry B,2023-06-30
2023-07-03,Industry B,0.0355034503646345,Industry B,2023-07-03
2023-07-04,Industry B,0.0090275545364908,Industry B,2023-07-04
2023-07-05,Industry B,-0.0260463630399766,Industry B,2023-07-05
2023-07-06,Industry B,-0.0016987289979854,Industry B,2023-07-06
2023-07-07,Industry B,-0.0079750605644155,Industry B,2023-07-07
2023-07-10,industry b,-0.0134448106771846,Industry B,2023-07-10
2023-07-11,Industry B,0.0154700747557283,Industry B,2023-07-11
2023-07-12,Industry B,-0.0256165831807307,Industry B,2023-07-12
2023-07-13,Ind. B,0.0139208372686621,Industry B,2023-07-13
2023-07-14,Industry B,-0.0269744592549147,Industry B,2023-07-14
2023-07-17,industry b,-0.0060429301534009,Industry B,2023-07-17
2023-07-18,industry b,-0.0063183178029253,Industry B,2023-07-18
2023-07-19,Industry B,0.0091382322135133,Industry B,2023-07-19
2023-07-20,Industry B,-0.0022739157655627,Industry B,2023-07-20
2023-07-21,Industry B,-0.0036699408274076,Industry B,2023-07-21
2023-07-24,IndustryB,0.0173731845638223,Industry B,2023-07-24
2023-07-25,Industry B,-0.0299011571389177,Industry B,2023-07-25
2023-07-26,IndustryB,-0.0035756725482201,Industry B,2023-07-26
2023-07-27,Industry B,0.0055204651372982,Industry B,2023-07-27
2023-07-28,Industry B,0.014477275600111,Industry B,2023-07-28
2023-07-31,industry b,-0.0278240863549844,Industry B,2023-07-31
2023-08-01,Industry B,0.0027697933389649,Industry B,2023-08-01
02/08/2023,industry b,0.0012687215421556,Industry B,2023-02-08
2023-08-04,IndustryB,-0.0402211254963669,Industry B,2023-08-04
2023-08-07,Industry B,0.0058713802528496,Industry B,2023-08-07
2023-08-08,Industry B,0.0034639478369729,Industry B,2023-08-08
2023-08-09,Industry B,0.0159840547901037,Industry B,2023-08-09
10/08/2023,industry b,0.0086462049060906,Industry B,2023-10-08
2023-08-11,Industry B,0.0126796982524481,Industry B,2023-08-11
2023-08-14,Industry B,0.0303716813907687,Industry B,2023-08-14
2023-08-16,IndustryB,0.025503400143587,Industry B,2023-08-16
2023-08-17,Industry B,0.0136737025941669,Industry B,2023-08-17
2023-08-18,Ind. B,0.0435370497469128,Industry B,2023-08-18
2023-08-21,Industry B,-0.0125499837575675,Industry B,2023-08-21
2023-08-22,Industry B,-0.0091085752011622,Industry B,2023-08-22
2023-08-23,industry b,-0.0457825192334261,Industry B,2023-08-23
2023-08-24,Industry B,0.0022477204983458,Industry B,2023-08-24
2023-08-25,Industry B,0.0242024132987895,Industry B,2023-08-25
2023-08-28,Industry B,0.0186431188368549,Industry B,2023-08-28
2023-08-29,Industry B,0.0137903121840463,Industry B,2023-08-29
2023-08-30,Ind. B,0.0216683593787258,Industry B,2023-08-30
2023-08-31,Industry B,0.0075915626655532,Industry B,2023-08-31
2023-09-01,Industry B,-0.0013815572151857,Industry B,2023-09-01
2023-09-04,Ind. B,0.0349418042274098,Industry B,2023-09-04
2023-09-05,Industry B,0.0041466480509497,Industry B,2023-09-05
2023-09-06,industry b,0.0254484682828472,Industry B,2023-09-06
2023-09-07,Industry B,-0.0338705885019368,Industry B,2023-09-07
2023-09-08,industry b,-0.027892601945434,Industry B,2023-09-08
2023-09-11,Industry B,0.0131050681635395,Industry B,2023-09-11
2023-09-12,Industry B,-0.0055921231554225,Industry B,2023-09-12
2023-09-13,Industry B,-0.0073522760337943,Industry B,2023-09-13
14/09/2023,Industry B,-0.0071653046667906,Industry B,2023-09-14
2023-09-15,Industry B,0.0402519496316179,Industry B,2023-09-15
2023-09-18,Industry B,0.0211042995161286,Industry B,2023-09-18
2023-09-19,Industry B,0.027315576666607,Industry B,2023-09-19
2023-09-20,Industry B,-0.0306278843874607,Industry B,2023-09-20
2023-09-21,Industry B,0.0103406305322678,Industry B,2023-09-21
2023-09-22,Industry B,-0.0094025601234238,Industry B,2023-09-22
25/09/2023,IndustryB,0.0165809380472318,Industry B,2023-09-25
2023-09-26,Industry B,0.0148056005743019,Industry B,2023-09-26
2023-09-28,IndustryB,-0.0154120535390969,Industry B,2023-09-28
2023-09-29,IndustryB,-0.0134979544876285,Industry B,2023-09-29
2023-10-02,Industry B,0.0197112544871255,Industry B,2023-10-02
2023-10-03,Industry B,0.0338464735297274,Industry B,2023-10-03
2023-10-04,Ind. B,-0.0121190936337841,Industry B,2023-10-04
2023-10-05,Industry B,0.0397354177415058,Industry B,2023-10-05
2023-10-06,Industry B,0.0267511723470932,Industry B,2023-10-06
2023-10-09,Industry B,-0.0153116331257876,Industry B,2023-10-09
2023-10-10,Industry B,-0.009946614252692,Industry B,2023-10-10
2023-10-11,Industry B,-0.0032567415021003,Industry B,2023-10-11
2023-10-12,Industry B,0.0065008899230367,Industry B,2023-10-12
2023-10-13,Industry B,-0.0102548618014559,Industry B,2023-10-13
2023-10-16,Industry B,-0.0043238257879366,Industry B,2023-10-16
17/10/2023,Industry B,-0.0044350815880778,Industry B,2023-10-17
2023-10-18,IndustryB,-0.0161118215277359,Industry B,2023-10-18
2023-10-19,Ind. B,0.0061513438059133,Industry B,2023-10-19
2023-10-20,Industry B,-0.027308775675484,Industry B,2023-10-20
2023-10-23,Industry B,0.0209608876702153,Industry B,2023-10-23
2023-10-24,Industry B,-0.028241423276302,Industry B,2023-10-24
2023-10-25,Industry B,-0.0185342542423933,Industry B,2023-10-25
2023-10-26,Industry B,-0.0103571337987205,Industry B,2023-10-26
2023-10-27,Industry B,-0.0145650550812256,Industry B,2023-10-27
2023-10-30,Industry B,-0.0104244842134013,Industry B,2023-10-30
2023-10-31,Ind. B,-0.0020349794762669,Industry B,2023-10-31
2023-11-01,Industry B,0.0111749049290327,Industry B,2023-11-01
2023-11-02,Industry B,-0.0172953565779511,Industry B,2023-11-02
2023-11-03,Industry B,-0.0076078448777243,Industry B,2023-11-03
2023-11-06,IndustryB,-0.0363480438529095,Industry B,2023-11-06
2023-11-07,Industry B,-0.0166315329579953,Industry B,2023-11-07
2023-11-08,Industry B,-0.0128852001079027,Industry B,2023-11-08
2023-11-09,Industry B,0.0055820276250882,Industry B,2023-11-09
2023-11-10,Ind. B,-0.0007759618622735,Industry B,2023-11-10
13/11/2023,Industry B,0.0043540349671069,Industry B,2023-11-13
2023-11-14,Industry B,-0.0432487042436354,Industry B,2023-11-14
2023-11-15,Industry B,0.0202242640360994,Industry B,2023-11-15
2023-11-16,Ind. B,-0.0015950256385282,Industry B,2023-11-16
2023-11-17,IndustryB,0.0383674144241793,Industry B,2023-11-17
2023-11-20,IndustryB,-0.0042938798077265,Industry B,2023-11-20
2023-11-21,Industry B,-0.0085310811120525,Industry B,2023-11-21
2023-11-22,Industry B,-0.0070515738659765,Industry B,2023-11-22
23/11/2023,IndustryB,-0.0026288507538041,Industry B,2023-11-23
2023-11-24,Industry B,-0.0208446930266392,Industry B,2023-11-24
2023-11-27,industry b,0.0163149041850188,Industry B,2023-11-27
2023-11-28,Industry B,0.0001677081822944,Industry B,2023-11-28
2023-11-29,Industry B,-0.0096704796643035,Industry B,2023-11-29
30/11/2023,Ind. B,0.0171329345725037,Industry B,2023-11-30
01/12/2023,IndustryB,0.0134721608419579,Industry B,2023-01-12
04/12/2023,IndustryB,0.0077891467258499,Industry B,2023-04-12
2023-12-05,industry b,-0.0016480197016801,Industry B,2023-12-05
2023-12-06,Industry B,0.0049291533742003,Industry B,2023-12-06
2023-12-07,industry b,-0.0117245037186496,Industry B,2023-12-07
2023-12-08,IndustryB,0.0149754948778545,Industry B,2023-12-08
2023-12-11,Industry B,-0.0305779409778508,Industry B,2023-12-11
2023-12-12,Industry B,-0.0316945710633581,Industry B,2023-12-12
2023-12-13,IndustryB,-0.0115639567287013,Industry B,2023-12-13
2023-12-14,Industry B,-0.0185012210462284,Industry B,2023-12-14
2023-12-15,Industry B,-0.0117675959467192,Industry B,2023-12-15
2023-12-18,Industry B,0.0190802407750952,Industry B,2023-12-18
2023-12-19,Industry B,-0.0063712223404514,Industry B,2023-12-19
2023-12-20,Ind. B,0.0016637161756616,Industry B,2023-12-20
2023-12-21,Ind. B,-0.008662436270946,Industry B,2023-12-21
2023-12-22,Industry B,-0.0286660471621573,Industry B,2023-12-22
2023-12-25,Industry B,0.0125142758255697,Industry B,2023-12-25
2023-12-26,Industry B,0.0240388735414229,Industry B,2023-12-26
2023-12-27,Ind. B,-0.003138028823598,Industry B,2023-12-27
2023-12-28,Industry B,-0.0015910370723838,Industry B,2023-12-28
2023-12-29,Ind. B,0.0008072459932437,Industry B,2023-12-29
2024-01-01,Industry B,0.0258910277564036,Industry B,2024-01-01
2024-01-02,Industry B,0.0117334067800339,Industry B,2024-01-02
2024-01-03,Industry B,0.0059915994448473,Industry B,2024-01-03
2024-01-04,industry b,0.010197508495541,Industry B,2024-01-04
2024-01-05,Industry B,0.0142722239482589,Industry B,2024-01-05
2024-01-08,Industry B,-0.0235174296073542,Industry B,2024-01-08
2024-01-09,Industry B,0.0168721147893972,Industry B,2024-01-09
2024-01-10,Industry B,0.0163044922203312,Industry B,2024-01-10
2024-01-11,Industry B,0.0209874785946789,Industry B,2024-01-11
2024-01-12,IndustryB,0.028462601774448,Industry B,2024-01-12
2024-01-15,Ind. B,0.0156180917272179,Industry B,2024-01-15
2024-01-16,Industry B,-0.0107052617969437,Industry B,2024-01-16
2024-01-17,industry b,0.0154779582058197,Industry B,2024-01-17
2024-01-18,Industry B,0.0076631939344065,Industry B,2024-01-18
2024-01-19,Industry B,-0.0039659840995468,Industry B,2024-01-19
2024-01-22,Ind. B,0.0183726807870913,Industry B,2024-01-22
2024-01-23,Ind. B,-0.0152981178864192,Industry B,2024-01-23
24/01/2024,Ind. B,0.0098776880659384,Industry B,2024-01-24
2024-01-25,industry b,0.0141853007898362,Industry B,2024-01-25
2024-01-26,Industry B,0.0040128503564883,Industry B,2024-01-26
2024-01-29,Industry B,0.012890931177583,Industry B,2024-01-29
2024-01-30,industry b,0.0126045319267842,Industry B,2024-01-30
2024-01-31,Industry B,0.0074999331987565,Industry B,2024-01-31
2024-02-01,Industry B,-0.0013523166494813,Industry B,2024-02-01
2024-02-02,Industry B,-0.0047358048770455,Industry B,2024-02-02
2024-02-05,Industry B,-0.0027984597121363,Industry B,2024-02-05
2024-02-06,Industry B,0.011506820961554,Industry B,2024-02-06
2024-02-07,Industry B,-0.0015443831127947,Industry B,2024-02-07
2024-02-08,Industry B,0.0051189201419284,Industry B,2024-02-08
2024-02-09,Industry B,-0.0078636632041503,Industry B,2024-02-09
2024-02-12,Industry B,-0.010141525104246,Industry B,2024-02-12
2024-02-13,IndustryB,-0.0202934225902473,Industry B,2024-02-13
2024-02-14,Industry B,-0.0068751476593575,Industry B,2024-02-14
2024-02-15,Industry B,-0.0093534569006413,Industry B,2024-02-15
2024-02-16,Industry B,-0.0326306933548391,Industry B,2024-02-16
2024-02-19,Industry B,0.0266489141497196,Industry B,2024-02-19
2024-02-20,Industry B,0.0159578288884361,Industry B,2024-02-20
2024-02-21,Industry B,0.0194089272047713,Industry B,2024-02-21
2024-02-22,Industry B,0.0284101093455437,Industry B,2024-02-22
2024-02-23,Industry B,-0.003802163482965,Industry B,2024-02-23
26/02/2024,Industry B,-0.022592117790056,Industry B,2024-02-26
2024-02-27,Industry B,0.0359569424424443,Industry B,2024-02-27
2024-02-28,Industry B,0.025760339673775,Industry B,2024-02-28
2024-02-29,Industry B,0.0003708091918877,Industry B,2024-02-29
2024-03-01,Ind. B,-0.0088117498723657,Industry B,2024-03-01
2024-03-04,Industry B,0.0112543567134595,Industry B,2024-03-04
2024-03-05,industry b,-0.0041805149847236,Industry B,2024-03-05
2024-03-06,Industry B,0.0058270675310907,Industry B,2024-03-06
2024-03-07,Ind. B,0.0091224359210841,Industry B,2024-03-07
2024-03-08,Industry B,0.0084412388309747,Industry B,2024-03-08
11/03/2024,Industry B,0.0146741983850761,Industry B,2024-11-03
2024-03-12,IndustryB,-0.0073119098467775,Industry B,2024-03-12
2024-03-13,Industry B,0.0223554180332472,Industry B,2024-03-13
2024-03-14,Industry B,-0.0177449121553853,Industry B,2024-03-14
2024-03-15,Industry B,0.0118639931306093,Industry B,2024-03-15
2024-03-18,Ind. B,-0.025179343166436,Industry B,2024-03-18
2024-03-19,Industry B,-0.0001941296631747,Industry B,2024-03-19
2024-03-20,Industry B,0.0090064459920935,Industry B,2024-03-20
2024-03-21,Industry B,0.0184193297985537,Industry B,2024-03-21
2024-03-22,Ind. B,-0.0205481981919307,Industry B,2024-03-22
2024-03-25,Industry B,0.010504234252494,Industry B,2024-03-25
2024-03-26,Industry B,-0.0333159566730023,Industry B,2024-03-26
2024-03-27,IndustryB,-0.0025848389437283,Industry B,2024-03-27
2024-03-28,Industry B,-0.0292549826547285,Industry B,2024-03-28
2024-03-29,industry b,-0.0048967760549435,Industry B,2024-03-29
2024-04-01,Industry B,-0.0042209683996004,Industry B,2024-04-01
2024-04-02,Industry B,0.0022518588325149,Industry B,2024-04-02
2024-04-03,IndustryB,0.0171482061173957,Industry B,2024-04-03
2024-04-04,Industry B,-0.0062650684399309,Industry B,2024-04-04
05/04/2024,Industry B,0.0183163749231266,Industry B,2024-05-04
2024-04-08,Industry B,-0.0010140538202441,Industry B,2024-04-08
2024-04-09,Industry B,0.0010826785119594,Industry B,2024-04-09
2024-04-10,Industry B,-0.0077965822693468,Industry B,2024-04-10
2024-04-11,IndustryB,0.0164301585687434,Industry B,2024-04-11
12/04/2024,Industry B,0.004089565911031,Industry B,2024-12-04
2024-04-15,Industry B,0.0080512492775699,Industry B,2024-04-15
2024-04-16,Industry B,0.0042974025934227,Industry B,2024-04-16
2024-04-17,industry b,-0.0143841364862158,Industry B,2024-04-17
18/04/2024,Ind. B,0.0138870114477476,Industry B,2024-04-18
19/04/2024,Industry B,0.0224118940880987,Industry B,2024-04-19
2024-04-22,IndustryB,0.0005626918823333,Industry B,2024-04-22
23/04/2024,IndustryB,0.0022188474995564,Industry B,2024-04-23
2024-04-24,Industry B,0.0048191232133296,Industry B,2024-04-24
2024-04-25,Industry B,-0.0061488875494952,Industry B,2024-04-25
2024-04-26,industry b,-0.0002869787828595,Industry B,2024-04-26
2024-04-29,industry b,-0.0093149268783682,Industry B,2024-04-29
2024-04-30,Industry B,-0.0110685076916335,Industry B,2024-04-30
2024-05-01,Industry B,-0.0099041696520339,Industry B,2024-05-01
2024-05-02,Industry B,-0.0162252155081477,Industry B,2024-05-02
03/05/2024,Ind. B,-0.0047536027358725,Industry B,2024-03-05
2024-05-06,Ind. B,-0.002138274915689,Industry B,2024-05-06
2024-05-07,Industry B,0.0052528647439773,Industry B,2024-05-07
08/05/2024,Industry B,0.0038037632889594,Industry B,2024-08-05
2024-05-09,Industry B,0.0001696678736007,Industry B,2024-05-09
2024-05-10,Industry B,0.0251040821988249,Industry B,2024-05-10
2024-05-13,Industry B,-0.0215770084576958,Industry B,2024-05-13
2024-05-14,Industry B,0.0209844889811029,Industry B,2024-05-14
2024-05-15,Industry B,0.0127305925710506,Industry B,2024-05-15
2024-05-16,industry b,-0.0260948941200754,Industry B,2024-05-16
2024-05-17,Industry B,-0.0239809249487983,Industry B,2024-05-17
2024-05-20,Industry B,0.0167606388878148,Industry B,2024-05-20
2024-05-21,Industry B,-0.0319323277173668,Industry B,2024-05-21
2024-05-22,Industry B,-0.0082353752502653,Industry B,2024-05-22
2024-05-23,Industry B,0.0174583390018821,Industry B,2024-05-23
2024-05-24,Industry B,0.0140479941029905,Industry B,2024-05-24
27/05/2024,IndustryB,0.0067671849754958,Industry B,2024-05-27
2024-05-28,Industry B,0.0061419402152783,Industry B,2024-05-28
2024-05-29,Industry B,0.0040295295241901,Industry B,2024-05-29
2024-05-30,IndustryB,0.0116531557896238,Industry B,2024-05-30
2024-05-31,Industry B,0.0045510768388305,Industry B,2024-05-31
2024-06-03,Industry B,-0.0161841287433926,Industry B,2024-06-03
2024-06-04,Industry B,-0.0014395463947566,Industry B,2024-06-04
2024-06-05,industry b,0.004118701581153,Industry B,2024-06-05
2024-06-06,Industry B,-0.010129915332636,Industry B,2024-06-06
2024-06-07,industry b,0.0022286277250102,Industry B,2024-06-07
2024-06-10,industry b,0.0161167992247554,Industry B,2024-06-10
2024-06-11,Industry B,-0.0052089603902095,Industry B,2024-06-11
2024-06-12,industry b,-0.0153974277467827,Industry B,2024-06-12
2024-06-13,IndustryB,-0.0069706993820664,Industry B,2024-06-13
2024-06-14,Industry B,-0.0154974177622181,Industry B,2024-06-14
2024-06-17,Industry B,0.0251879362980048,Industry B,2024-06-17
2024-06-18,Industry B,-0.0257158206868357,Industry B,2024-06-18
2024-06-19,Industry B,0.0154082127963295,Industry B,2024-06-19
2024-06-20,Industry B,-0.0035951884879643,Industry B,2024-06-20
2024-06-21,Industry B,-0.0162943827501289,Industry B,2024-06-21
24/06/2024,Industry B,0.0335314231044791,Industry B,2024-06-24
2024-06-25,Industry B,-0.0020642545994847,Industry B,2024-06-25
2024-06-26,Industry B,-0.0071186437395993,Industry B,2024-06-26
2024-06-27,Ind. B,0.0018773907856329,Industry B,2024-06-27
2024-06-28,Industry B,0.023399140978733,Industry B,2024-06-28
2024-07-01,Industry B,-0.0056659976782308,Industry B,2024-07-01
2024-07-02,industry b,0.0110921862345186,Industry B,2024-07-02
2024-07-03,IndustryB,-0.0258682276800619,Industry B,2024-07-03
2024-07-04,Industry B,0.0163372841007133,Industry B,2024-07-04
2024-07-05,Industry B,0.000604250200467,Industry B,2024-07-05
2024-07-08,Ind. B,0.0132055613174596,Industry B,2024-07-08
09/07/2024,Ind. B,-0.0035446130656499,Industry B,2024-09-07
2024-07-10,Industry B,-0.0191652784183285,Industry B,2024-07-10
2024-07-11,Industry B,-0.0012426827179076,Industry B,2024-07-11
2024-07-12,Industry B,-0.0309213977549979,Industry B,2024-07-12
15/07/2024,Industry B,0.0245172361531643,Industry B,2024-07-15
2024-07-16,IndustryB,0.0194705535254646,Industry B,2024-07-16
2024-07-17,industry b,0.0007612178914393,Industry B,2024-07-17
2024-07-18,Industry B,-0.0071883365364051,Industry B,2024-07-18
2024-07-19,Industry B,0.0270132585198572,Industry B,2024-07-19
2024-07-22,Industry B,0.0034118674075343,Industry B,2024-07-22
2024-07-23,Industry B,0.0143188231650552,Industry B,2024-07-23
2024-07-24,Industry B,0.002500040107207,Industry B,2024-07-24
2024-07-25,Industry B,0.0132727876866475,Industry B,2024-07-25
2024-07-26,Industry B,0.0009345290647762,Industry B,2024-07-26
2024-07-29,Industry B,-0.0085465073891544,Industry B,2024-07-29
2024-07-30,Industry B,0.018004782559031,Industry B,2024-07-30
2024-07-31,Industry B,-0.0119092798665542,Industry B,2024-07-31
2024-08-01,Industry B,0.0121052563253082,Industry B,2024-08-01
2024-08-02,Industry B,0.0129706070603338,Industry B,2024-08-02
2024-08-05,industry b,0.0064383122992927,Industry B,2024-08-05
2024-08-06,IndustryB,-0.0082431239918661,Industry B,2024-08-06
2024-08-07,Industry B,0.0195746712252466,Industry B,2024-08-07
2024-08-08,Industry B,-0.0191939037225814,Industry B,2024-08-08
2024-08-09,Industry B,0.025546423504192,Industry B,2024-08-09
2024-08-12,Industry B,-0.0097151209789531,Industry B,2024-08-12
13/08/2024,IndustryB,-0.018871123035706,Industry B,2024-08-13
2024-08-14,Industry B,-0.0085322999427698,Industry B,2024-08-14
2024-08-15,Industry B,-0.0036403529941299,Industry B,2024-08-15
2024-08-16,Industry B,-0.0246500993614716,Industry B,2024-08-16
2024-08-19,Industry B,0.0164724427063168,Industry B,2024-08-19
2024-08-20,Ind. B,-0.0158438633806081,Industry B,2024-08-20
2024-08-21,Industry B,0.0119109054313199,Industry B,2024-08-21
2024-08-22,Industry B,-0.0071935833316688,Industry B,2024-08-22
2024-08-23,Industry B,0.0255843704044325,Industry B,2024-08-23
2024-08-26,Industry B,-0.0098247130918836,Industry B,2024-08-26
2024-08-27,Industry B,0.0049791111894474,Industry B,2024-08-27
2024-08-28,Industry B,0.0210277662704613,Industry B,2024-08-28
2024-08-29,Industry B,-2.0934030898874903e-05,Industry B,2024-08-29
2024-08-30,Industry B,0.007246277409539,Industry B,2024-08-30
2024-09-02,Industry B,0.0188546857272082,Industry B,2024-09-02
04/09/2024,industry b,0.0162846251949838,Industry B,2024-04-09
2024-09-05,Ind. B,-0.004126861570209,Industry B,2024-09-05
2024-09-06,Ind. B,-0.0155377653895255,Industry B,2024-09-06
2024-09-09,Industry B,0.0068636603720147,Industry B,2024-09-09
10/09/2024,Industry B,0.0049105127094146,Industry B,2024-10-09
2024-09-11,IndustryB,0.0299559328593917,Industry B,2024-09-11
2024-09-12,Industry B,-0.0098910929393014,Industry B,2024-09-12
2024-09-16,Industry B,-0.0038440423501696,Industry B,2024-09-16
2024-09-17,Ind. B,-0.0272910815210704,Industry B,2024-09-17
2024-09-18,Industry B,-0.0065369402484174,Industry B,2024-09-18
2024-09-19,Ind. B,0.0066103092955532,Industry B,2024-09-19
2024-09-20,Industry B,-0.001664058779212,Industry B,2024-09-20
2024-09-23,IndustryB,0.0120339435766654,Industry B,2024-09-23
2024-09-24,Industry B,-0.0221213023544961,Industry B,2024-09-24
2024-09-25,Industry B,-0.020118395180016,Industry B,2024-09-25
2024-09-26,Ind. B,-0.0118728630900096,Industry B,2024-09-26
2024-09-27,industry b,-0.0349404989234079,Industry B,2024-09-27
2024-09-30,Industry B,-0.0156455871385003,Industry B,2024-09-30
2024-10-01,Industry B,0.0073204106111473,Industry B,2024-10-01
2024-10-02,Industry B,0.0172857534925079,Industry B,2024-10-02
2024-10-03,industry b,0.0082864411075947,Industry B,2024-10-03
2024-10-04,IndustryB,0.0095937031590735,Industry B,2024-10-04
07/10/2024,Industry B,-0.0045553655488545,Industry B,2024-07-10
2024-10-08,Industry B,-0.0139752341683335,Industry B,2024-10-08
09/10/2024,IndustryB,0.0017923094144075,Industry B,2024-09-10
2024-10-10,Industry B,-0.0141373075492382,Industry B,2024-10-10
2024-10-11,Industry B,0.005371261456195,Industry B,2024-10-11
2024-10-14,Ind. B,-0.0116620336547561,Industry B,2024-10-14
2024-10-15,Industry B,-0.0020864048548318,Industry B,2024-10-15
2024-10-16,IndustryB,0.0045648861294991,Industry B,2024-10-16
2024-10-17,Industry B,-0.0096096353434292,Industry B,2024-10-17
2024-10-18,Industry B,0.0167223329874387,Industry B,2024-10-18
2024-10-21,Industry B,-0.0168892648562706,Industry B,2024-10-21
22/10/2024,IndustryB,-0.0029138403325518,Industry B,2024-10-22
2024-10-23,Industry B,0.0136770534955281,Industry B,2024-10-23
2024-10-24,Industry B,-0.0108860615899469,Industry B,2024-10-24
2024-10-25,Industry B,0.0366185731928308,Industry B,2024-10-25
2024-10-28,Industry B,-0.0012879285573019,Industry B,2024-10-28
2024-10-29,IndustryB,-0.003648690597297,Industry B,2024-10-29
2024-10-30,Industry B,-0.0164736422120195,Industry B,2024-10-30
2024-10-31,Industry B,-0.014202603282403,Industry B,2024-10-31
2024-11-01,Industry B,0.0180106386596696,Industry B,2024-11-01
2024-11-04,Ind. B,-0.0172023361499818,Industry B,2024-11-04
2024-11-05,Industry B,-0.012804657118119,Industry B,2024-11-05
06/11/2024,Industry B,0.0231961089138687,Industry B,2024-06-11
2024-11-07,Industry B,-0.0030849438895493,Industry B,2024-11-07
2024-11-08,Industry B,-0.0448717973698,Industry B,2024-11-08
2024-11-11,Industry B,0.0046024003439967,Industry B,2024-11-11
2024-11-12,Ind. B,0.018165863519075,Industry B,2024-11-12
2024-11-13,Industry B,0.0095584861164279,Industry B,2024-11-13
2024-11-14,Industry B,-0.0039000247386829,Industry B,2024-11-14
2024-11-15,Industry B,0.0245977787328356,Industry B,2024-11-15
2024-11-18,IndustryB,0.0135155999864206,Industry B,2024-11-18
2024-11-19,Industry B,-0.0081941203184274,Industry B,2024-11-19
2024-11-20,Industry B,0.0013260726767551,Industry B,2024-11-20
2024-11-21,IndustryB,-0.0484241441426922,Industry B,2024-11-21
2024-11-22,Industry B,0.0003599133922489,Industry B,2024-11-22
2024-11-25,Industry B,0.0035536726159622,Industry B,2024-11-25
2024-11-26,IndustryB,-0.00398653916292,Industry B,2024-11-26
2024-11-27,Industry B,0.0042523936902188,Industry B,2024-11-27
2024-11-28,Industry B,-0.0047964209634191,Industry B,2024-11-28
2024-11-29,Industry B,0.0087257489843975,Industry B,2024-11-29
2024-12-02,Industry B,0.0242179488814174,Industry B,2024-12-02
2024-12-03,Industry B,0.0145554839069128,Industry B,2024-12-03
04/12/2024,Ind. B,-0.0007230625783043,Industry B,2024-04-12
2024-12-05,Industry B,-0.0024029140711206,Industry B,2024-12-05
2024-12-06,Industry B,-0.0088162532873076,Industry B,2024-12-06
2024-12-09,Industry B,-0.009517691134137,Industry B,2024-12-09
10/12/2024,Industry B,0.0153754670645719,Industry B,2024-10-12
2024-12-11,Ind. B,0.008430530253784,Industry B,2024-12-11
2024-12-12,Industry B,-0.016913382540896,Industry B,2024-12-12
2024-12-13,IndustryB,-0.000110707096217,Industry B,2024-12-13
2024-12-16,Ind. B,0.0146910189297508,Industry B,2024-12-16
2024-12-17,Industry B,0.0192178168632242,Industry B,2024-12-17
2024-12-18,Industry B,0.0109736674681068,Industry B,2024-12-18
2024-12-19,Industry B,0.0103740408018361,Industry B,2024-12-19
2024-12-20,Industry B,-0.022708313171034,Industry B,2024-12-20
2024-12-23,Industry B,0.0285920189416564,Industry B,2024-12-23
2024-12-24,Industry B,0.0155409376655721,Industry B,2024-12-24
2024-12-25,Industry B,0.0331443113273821,Industry B,2024-12-25
2024-12-26,Industry B,-0.0148359828609398,Industry B,2024-12-26
2024-12-27,Industry B,-0.0314310337802531,Industry B,2024-12-27
2024-12-30,Industry B,0.0038708063464269,Industry B,2024-12-30
2024-12-31,Ind. B,0.0391428442052466,Industry B,2024-12-31
2025-01-01,IndustryB,-0.0084609808135676,Industry B,2025-01-01
2025-01-02,Industry B,0.0150606232546089,Industry B,2025-01-02
2025-01-03,Industry B,-0.0129958013555349,Industry B,2025-01-03
2025-01-06,Industry B,0.013121934397316,Industry B,2025-01-06
2025-01-07,IndustryB,-0.0321310013809564,Industry B,2025-01-07
2025-01-08,Industry B,0.0166518331610165,Industry B,2025-01-08
2025-01-09,Industry B,-0.0078227017427365,Industry B,2025-01-09
2025-01-13,Industry B,-0.0216953619488073,Industry B,2025-01-13
2025-01-14,Industry B,0.0006387993365148,Industry B,2025-01-14
2025-01-15,Industry B,-0.0133503773153294,Industry B,2025-01-15
2025-01-16,IndustryB,0.018268371945099,Industry B,2025-01-16
2025-01-17,Industry B,0.0055927856345035,Industry B,2025-01-17
2025-01-20,Ind. B,-0.0125190966357294,Industry B,2025-01-20
2025-01-21,Industry B,0.0175808628942866,Industry B,2025-01-21
2025-01-22,Industry B,-0.0134709311806158,Industry B,2025-01-22
2025-01-23,Industry B,-0.0005743382272301,Industry B,2025-01-23
2025-01-24,Ind. B,0.0043449342538706,Industry B,2025-01-24
2025-01-27,Industry B,0.0165666729172886,Industry B,2025-01-27
2025-01-28,industry b,0.0245789126416696,Industry B,2025-01-28
2025-01-29,Industry B,-0.0195366342409976,Industry B,2025-01-29
2025-01-30,Industry B,-0.0068921542675612,Industry B,2025-01-30
31/01/2025,Industry B,-0.0144070465892298,Industry B,2025-01-31
2025-02-03,Industry B,-0.0129161605812873,Industry B,2025-02-03
2025-02-04,Industry B,0.0146645598591776,Industry B,2025-02-04
2025-02-05,Industry B,0.0368528512948007,Industry B,2025-02-05
2025-02-06,Industry B,-0.0028169333638068,Industry B,2025-02-06
2025-02-07,Industry B,0.0037946313290671,Industry B,2025-02-07
10/02/2025,IndustryB,0.0329068287225315,Industry B,2025-10-02
2025-02-11,Industry B,0.0062881352120187,Industry B,2025-02-11
2025-02-12,IndustryB,-0.0208527580455251,Industry B,2025-02-12
2025-02-13,Industry B,0.0237614158191855,Industry B,2025-02-13
2025-02-14,IndustryB,-0.0061993212933399,Industry B,2025-02-14
2025-02-17,IndustryB,-0.0303089525054087,Industry B,2025-02-17
2025-02-18,Industry B,0.0009814408248263,Industry B,2025-02-18
2025-02-19,IndustryB,-0.0046047468964138,Industry B,2025-02-19
2025-02-20,Industry B,-0.0103886844614077,Industry B,2025-02-20
21/02/2025,Industry B,-0.0111762296198593,Industry B,2025-02-21
2025-02-24,Ind. B,-0.0042170642074819,Industry B,2025-02-24
2025-02-25,Ind. B,0.0247711505712491,Industry B,2025-02-25
26/02/2025,Industry B,0.0087052259851517,Industry B,2025-02-26
2025-02-27,IndustryB,0.0205478889934012,Industry B,2025-02-27
28/02/2025,IndustryB,0.0109187608204291,Industry B,2025-02-28
2025-03-03,industry b,0.0241394851882321,Industry B,2025-03-03
2025-03-04,Industry B,-0.0101597991216656,Industry B,2025-03-04
2025-03-05,Industry B,0.0075017569132821,Industry B,2025-03-05
2025-03-06,industry b,0.0066686231237621,Industry B,2025-03-06
2025-03-07,Industry B,0.0112572342293805,Industry B,2025-03-07
2025-03-10,Industry B,-0.017433239731723,Industry B,2025-03-10
2025-03-11,industry b,-0.0023939118081542,Industry B,2025-03-11
2025-03-12,Industry B,0.0319413685846036,Industry B,2025-03-12
13/03/2025,Industry B,0.009817553480528,Industry B,2025-03-13
2025-03-14,Industry B,-0.004035380793539,Industry B,2025-03-14
2025-03-17,Industry B,-0.0127788191888664,Industry B,2025-03-17
2025-03-18,Industry B,-0.0041250461271006,Industry B,2025-03-18
2025-03-19,IndustryB,0.0112611886804624,Industry B,2025-03-19
2025-03-20,Industry B,0.0074990173903169,Industry B,2025-03-20
2025-03-21,Industry B,0.0034977644129445,Industry B,2025-03-21
2025-03-24,Industry B,-0.0073026649405408,Industry B,2025-03-24
2025-03-25,IndustryB,0.0123125399383685,Industry B,2025-03-25
2025-03-26,Industry B,-0.0039811055706817,Industry B,2025-03-26
2025-03-27,Ind. B,-0.011912906299319,Industry B,2025-03-27
2025-03-28,Industry B,0.0100864790807773,Industry B,2025-03-28
2025-03-31,Industry B,0.0154520337097453,Industry B,2025-03-31
2025-04-01,Industry B,0.0115957818789293,Industry B,2025-04-01
2025-04-02,Ind. B,0.0186776451485401,Industry B,2025-04-02
2025-04-03,Industry B,-0.0037462404383459,Industry B,2025-04-03
2025-04-04,Ind. B,0.0147203918974813,Industry B,2025-04-04
2025-04-07,industry b,0.0246663868926757,Industry B,2025-04-07
2025-04-08,Industry B,0.0056866936253566,Industry B,2025-04-08
2025-04-09,Industry B,-0.0004650774196358,Industry B,2025-04-09
2025-04-10,Industry B,-0.0095558031349188,Industry B,2025-04-10
2025-04-11,Industry B,0.0326847601054619,Industry B,2025-04-11
2025-04-14,IndustryB,-0.0226151095603184,Industry B,2025-04-14
2025-04-15,Ind. B,-0.0056640193608041,Industry B,2025-04-15
2025-04-16,Industry B,0.0119631888124592,Industry B,2025-04-16
2025-04-17,Industry B,-0.0042424339119578,Industry B,2025-04-17
2025-04-18,Industry B,-0.0099663666836925,Industry B,2025-04-18
2025-04-21,IndustryB,-0.0174740745878637,Industry B,2025-04-21
2025-04-22,Industry B,0.0067495116392942,Industry B,2025-04-22
2025-04-23,Industry B,0.0190130452717726,Industry B,2025-04-23
2025-04-24,Ind. B,0.0114824373843457,Industry B,2025-04-24
2025-04-25,industry b,-0.0002490949285199,Industry B,2025-04-25
28/04/2025,Industry B,0.0103356912565466,Industry B,2025-04-28
2025-04-29,Industry B,-0.0112673272602306,Industry B,2025-04-29
2025-04-30,Industry B,-0.0208600416322556,Industry B,2025-04-30
2025-05-01,Industry B,0.0140277458538761,Industry B,2025-05-01
2025-05-02,Industry B,-0.0237675804038153,Industry B,2025-05-02
2025-05-05,IndustryB,-0.0102126348852569,Industry B,2025-05-05
2025-05-06,Industry B,-0.030025691323182,Industry B,2025-05-06
2025-05-07,IndustryB,-0.0045847799145338,Industry B,2025-05-07
2025-05-08,Industry B,-0.0100549327049622,Industry B,2025-05-08
2025-05-09,Ind. B,-0.0108788433685402,Industry B,2025-05-09
2025-05-12,Industry B,0.013255782941715,Industry B,2025-05-12
2025-05-13,Industry B,-0.0111083870515796,Industry B,2025-05-13
14/05/2025,Industry B,0.0041020146611797,Industry B,2025-05-14
2025-05-15,Industry B,0.0141816176754389,Industry B,2025-05-15
2025-05-16,Industry B,0.0044855559610412,Industry B,2025-05-16
2025-05-20,Industry B,-0.0032593167642413,Industry B,2025-05-20
2025-05-21,Industry B,0.0097182774655125,Industry B,2025-05-21
2025-05-22,Industry B,0.0072497425012847,Industry B,2025-05-22
2025-05-23,Industry B,-0.0153592599686327,Industry B,2025-05-23
2025-05-26,Industry B,0.0407212349934359,Industry B,2025-05-26
2025-05-27,Industry B,0.0277026148951077,Industry B,2025-05-27
2025-05-28,Industry B,-0.0230256674533773,Industry B,2025-05-28
2025-05-29,Industry B,-0.0095329384638431,Industry B,2025-05-29
2025-05-30,industry b,-0.0172301311316352,Industry B,2025-05-30
2025-06-02,industry b,0.0084439877167436,Industry B,2025-06-02
2025-06-03,Industry B,-0.0167736228582782,Industry B,2025-06-03
2025-06-04,industry b,-0.0043931427354546,Industry B,2025-06-04
2025-06-05,Industry B,-0.0005637740370175,Industry B,2025-06-05
2025-06-09,Ind. B,0.0184277164951934,Industry B,2025-06-09
2025-06-10,Industry B,0.0077210052577763,Industry B,2025-06-10
2025-06-11,Ind. B,-0.0023309390995482,Industry B,2025-06-11
2025-06-12,Industry B,0.008891025310106,Industry B,2025-06-12
2025-06-13,Industry B,-0.0095306544250877,Industry B,2025-06-13
2025-06-16,IndustryB,0.0028454711290747,Industry B,2025-06-16
2025-06-17,Ind. B,0.0178608303885652,Industry B,2025-06-17
18/06/2025,Industry B,-0.0202997075024268,Industry B,2025-06-18
2025-06-20,IndustryB,-0.0066887712316844,Industry B,2025-06-20
2025-06-23,Industry B,-0.0005857863788274,Industry B,2025-06-23
2025-06-24,IndustryB,-0.0007942180743056,Industry B,2025-06-24
2025-06-25,Industry B,-0.0030410987229387,Industry B,2025-06-25
2025-06-26,Ind. B,0.0046978080036216,Industry B,2025-06-26
2025-06-27,Industry B,-0.0363401606596117,Industry B,2025-06-27
2025-06-30,IndustryB,-0.0046531814474367,Industry B,2025-06-30
01/07/2025,Industry B,0.0096590756653485,Industry B,2025-01-07
2025-07-02,Industry B,-0.0047848339291268,Industry B,2025-07-02
2025-07-03,Ind. B,-0.0300041296283168,Industry B,2025-07-03
2025-07-04,Industry B,0.0056822404651326,Industry B,2025-07-04
2025-07-07,IndustryB,-0.0260411084866903,Industry B,2025-07-07
2025-07-09,Industry B,-0.0023271599388046,Industry B,2025-07-09
2025-07-11,industry b,-0.0120507403461468,Industry B,2025-07-11
2025-07-14,Ind. B,0.0020244333082176,Industry B,2025-07-14
2025-07-15,Ind. B,-0.0104078776868971,Industry B,2025-07-15
2025-07-16,Industry B,-0.0049723135218276,Industry B,2025-07-16
2025-07-17,Ind. B,-0.0042416177246343,Industry B,2025-07-17
2025-07-18,Industry B,0.0108853521009206,Industry B,2025-07-18
2025-07-21,Industry B,-0.0066453181315532,Industry B,2025-07-21
2025-07-22,Industry B,0.0090533706096817,Industry B,2025-07-22
2025-07-23,Industry B,0.0283678220883403,Industry B,2025-07-23
24/07/2025,IndustryB,0.0512572009570335,Industry B,2025-07-24
2025-07-25,Industry B,0.0107397089460804,Industry B,2025-07-25
2025-07-28,Industry B,-0.0092476583286306,Industry B,2025-07-28
2025-07-29,Industry B,-0.0103284695231238,Industry B,2025-07-29
2025-07-30,Industry B,0.0022741349141611,Industry B,2025-07-30
2025-07-31,Industry B,0.0166332571119209,Industry B,2025-07-31
2025-08-01,Industry B,0.0040039417401903,Industry B,2025-08-01
2025-08-04,IndustryB,0.0114973593521953,Industry B,2025-08-04
2025-08-05,Industry B,-0.0172789147832154,Industry B,2025-08-05
2025-08-06,Ind. B,0.0002102521817928,Industry B,2025-08-06
2025-08-07,Industry B,0.0187115199297718,Industry B,2025-08-07
2025-08-08,Industry B,0.0105064073241729,Industry B,2025-08-08
2025-08-11,Ind. B,-0.0090665158126864,Industry B,2025-08-11
2025-08-12,Industry B,-0.0015097488640975,Industry B,2025-08-12
2025-08-13,Industry B,-0.027091617738604,Industry B,2025-08-13
14/08/2025,industry b,-0.0019587879609381,Industry B,2025-08-14
2025-08-15,Industry B,-0.0054525951007459,Industry B,2025-08-15
2025-08-18,Industry B,-0.0118030953722787,Industry B,2025-08-18
2025-08-19,Industry B,-0.0165967129835956,Industry B,2025-08-19
2025-08-20,Industry B,0.0297141525563445,Industry B,2025-08-20
2025-08-21,Industry B,-0.0152479000992735,Industry B,2025-08-21
2025-08-22,Industry B,0.0020938651643918,Industry B,2025-08-22
2025-08-25,Industry B,0.0090844858915425,Industry B,2025-08-25
2025-08-26,Industry B,-0.005574815908421,Industry B,2025-08-26
2025-08-27,Industry B,0.0149238881874002,Industry B,2025-08-27
2025-08-28,Industry B,-0.0106329298139077,Industry B,2025-08-28
2025-08-29,Industry B,-0.0282472198225703,Industry B,2025-08-29
2025-09-01,Industry B,-0.0182440765094434,Industry B,2025-09-01
2025-09-02,Industry B,0.000493033588286,Industry B,2025-09-02
2025-09-03,Industry B,-0.0130870635919819,Industry B,2025-09-03
2025-09-04,Industry B,0.0003558120086072,Industry B,2025-09-04
2025-09-05,Industry B,-0.0087005818517411,Industry B,2025-09-05
2025-09-08,Industry B,0.0023920822452534,Industry B,2025-09-08
2025-09-09,Industry B,-0.0026480819129213,Industry B,2025-09-09
2025-09-10,industry b,-0.0320681829492234,Industry B,2025-09-10
2025-09-11,Industry B,-0.0042222927259599,Industry B,2025-09-11
2025-09-12,Industry B,0.0046539284908583,Industry B,2025-09-12
2025-09-15,Industry B,-0.015698933324595,Industry B,2025-09-15
2025-09-16,Ind. B,0.0013248952225281,Industry B,2025-09-16
2025-09-17,Industry B,0.0292783092065489,Industry B,2025-09-17
18/09/2025,Industry B,-0.0057660439357292,Industry B,2025-09-18
2025-09-19,Industry B,0.0028334144745665,Industry B,2025-09-19
2025-09-22,Ind. B,-0.0256409450107136,Industry B,2025-09-22
2025-09-23,Industry B,-0.0189195594508154,Industry B,2025-09-23
2025-09-24,Industry B,-0.0237005909233062,Industry B,2025-09-24
2025-09-25,Industry B,0.0009023484897866,Industry B,2025-09-25
2025-09-26,Ind. B,-0.0084871790241509,Industry B,2025-09-26
29/09/2025,Industry B,-0.0283250662894702,Industry B,2025-09-29
2025-09-30,Industry B,0.0022415880426082,Industry B,2025-09-30
01/10/2025,Industry B,-0.0041487896746447,Industry B,2025-01-10
2025-10-02,industry b,-0.0139835436674951,Industry B,2025-10-02
2025-10-03,Industry B,0.0012570528124232,Industry B,2025-10-03
2025-10-06,Industry B,0.0191824545318301,Industry B,2025-10-06
2025-10-07,Industry B,-0.0315562534880117,Industry B,2025-10-07
2025-10-08,Industry B,-0.0126125562157682,Industry B,2025-10-08
2025-10-09,Industry B,-0.0182787295370303,Industry B,2025-10-09
2025-10-10,Industry B,0.0022168841621003,Industry B,2025-10-10
2025-10-13,industry b,0.0088516300839709,Industry B,2025-10-13
2025-10-14,Industry B,0.0090586617985099,Industry B,2025-10-14
2025-10-15,IndustryB,0.0144769668170058,Industry B,2025-10-15
2025-10-16,Industry B,0.0332693367395766,Industry B,2025-10-16
17/10/2025,Industry B,0.0082433162004593,Industry B,2025-10-17
2025-10-20,Industry B,0.0307020745974908,Industry B,2025-10-20
2025-10-21,Ind. B,-0.0171277197812883,Industry B,2025-10-21
2025-10-22,IndustryB,0.005334100694525,Industry B,2025-10-22
2025-10-23,Industry B,-0.0174070486950317,Industry B,2025-10-23
2025-10-24,Industry B,-0.0054184789256139,Industry B,2025-10-24
2025-10-27,Industry B,-0.0032381149940799,Industry B,2025-10-27
2025-10-28,industry b,0.0422835329952582,Industry B,2025-10-28
2025-10-29,industry b,0.001349037595695,Industry B,2025-10-29
2025-10-30,IndustryB,0.01321433384698,Industry B,2025-10-30
2025-10-31,Industry B,-0.0082884825469407,Industry B,2025-10-31
2025-11-03,Industry B,-0.0005455947933683,Industry B,2025-11-03
2025-11-04,Industry B,-0.0227663271628853,Industry B,2025-11-04
2025-11-05,Industry B,0.0329021640544153,Industry B,2025-11-05
2025-11-06,Industry B,0.0261796770562837,Industry B,2025-11-06
2025-11-07,Industry B,-0.0026152260671159,Industry B,2025-11-07
2025-11-10,Industry B,-0.0099451696321556,Industry B,2025-11-10
2025-11-11,Industry B,0.0071147820767182,Industry B,2025-11-11
2025-11-12,Industry B,-0.0288607520326152,Industry B,2025-11-12
2025-11-13,Industry B,-0.0028222811670172,Industry B,2025-11-13
2025-11-14,IndustryB,0.0344274665263715,Industry B,2025-11-14
2025-11-17,Industry B,0.0067538888298861,Industry B,2025-11-17
2025-11-18,industry b,-0.0152378686352202,Industry B,2025-11-18
2025-11-19,Industry B,0.0135702730969704,Industry B,2025-11-19
2025-11-20,IndustryB,-0.0146418269286043,Industry B,2025-11-20
2025-11-21,industry b,-0.02604424157547,Industry B,2025-11-21
2025-11-24,industry b,0.014755326564962,Industry B,2025-11-24
2025-11-25,Industry B,-0.0068966093161277,Industry B,2025-11-25
2025-11-26,Industry B,0.0204309923053309,Industry B,2025-11-26
2025-11-27,Industry B,0.0220252898754972,Industry B,2025-11-27
2025-11-28,Industry B,0.0183580308359786,Industry B,2025-11-28
2025-12-01,Industry B,0.0032907517570993,Industry B,2025-12-01
02/12/2025,Industry B,-0.0189311420550714,Industry B,2025-02-12
2025-12-03,Ind. B,-0.0108077946280547,Industry B,2025-12-03
2025-12-04,Industry B,0.0224254442272963,Industry B,2025-12-04
2025-12-05,Industry B,0.0141371876711961,Industry B,2025-12-05
2025-12-08,Industry B,0.004564055137615,Industry B,2025-12-08
09/12/2025,Industry B,0.0009021295987078,Industry B,2025-09-12
2025-12-10,Industry B,0.0187045985583545,Industry B,2025-12-10
2025-12-11,Ind. B,-0.0061635450064645,Industry B,2025-12-11
2025-12-12,Industry B,0.0093768957427672,Industry B,2025-12-12
2025-12-16,Industry B,-6.645636358225384e-05,Industry B,2025-12-16
2025-12-17,Industry B,-0.0188748161617998,Industry B,2025-12-17
2025-12-18,industry b,0.0129427022365528,Industry B,2025-12-18
2025-12-19,Ind. B,0.0042869988347061,Industry B,2025-12-19
2025-12-22,industry b,-0.0001529367953729,Industry B,2025-12-22
2025-12-23,Ind. B,-0.0055638692056302,Industry B,2025-12-23
2025-12-25,Industry B,-0.0244682366798634,Industry B,2025-12-25
2025-12-26,Industry B,0.0168881889098849,Industry B,2025-12-26
29/12/2025,Industry B,-0.031439122848693,Industry B,2025-12-29
2025-12-30,Industry B,0.0215993663794978,Industry B,2025-12-30
2025-12-31,industry b,0.0174303481898697,Industry B,2025-12-31
