Date,E.ON SE,Enel SpA,Engie SA,Iberdrola
2023-01-02 00:00:00+01:00,8.14606761932373,4.14443302154541,9.871267318725586,9.507234573364258
2023-01-03 00:00:00+01:00,8.307817459106445,4.247823238372803,9.83631420135498,9.477012634277344
2023-01-04 00:00:00+01:00,8.596904754638672,4.397698879241943,9.645530700683594,9.593585014343262
2023-01-05 00:00:00+01:00,8.428271293640137,4.390486240386963,9.721261978149414,9.54609203338623
2023-01-06 00:00:00+01:00,8.498822212219238,4.489068031311035,9.427075386047363,9.572426795959473
2023-01-09 00:00:00+01:00,8.42310905456543,4.4874653816223145,9.58581829071045,9.515368461608887
2023-01-10 00:00:00+01:00,8.502263069152832,4.436971187591553,9.579994201660156,9.475866317749023
2023-01-11 00:00:00+01:00,8.526354789733887,4.512310028076172,9.683396339416504,9.563648223876953
2023-01-12 00:00:00+01:00,8.655411720275879,4.574023723602295,9.776603698730469,9.629483222961426
2023-01-13 00:00:00+01:00,8.538400650024414,4.590855121612549,9.7023286819458,9.568037033081055
2023-01-16 00:00:00+01:00,8.559049606323242,4.65497350692749,9.607664108276367,9.568037033081055
2023-01-17 00:00:00+01:00,8.478174209594727,4.61650276184082,9.081915855407715,9.568037033081055
2023-01-18 00:00:00+01:00,8.450641632080078,4.619708061218262,9.124151229858398,9.480257987976074
2023-01-19 00:00:00+01:00,8.488497734069824,4.533950328826904,9.081915855407715,9.48464584350586
2023-01-20 00:00:00+01:00,8.51775074005127,4.528339862823486,9.118325233459473,9.48464584350586
2023-01-23 00:00:00+01:00,8.56937313079834,4.5416340827941895,9.182405471801758,9.493425369262695
2023-01-24 00:00:00+01:00,8.694128036499023,4.566560745239258,9.438726425170898,9.519758224487305
2023-01-25 00:00:00+01:00,8.719940185546875,4.551604747772217,9.54212760925293,9.541703224182129
2023-01-26 00:00:00+01:00,8.719940185546875,4.555758953094482,9.51882553100586,9.515368461608887
2023-01-27 00:00:00+01:00,8.719940185546875,4.557421684265137,9.463484764099121,9.480257987976074
2023-01-30 00:00:00+01:00,8.608091354370117,4.514214992523193,9.446008682250977,9.467089653015137
2023-01-31 00:00:00+01:00,8.591743469238281,4.479317665100098,9.480960845947266,9.431978225708008
2023-02-01 00:00:00+01:00,8.625297546386719,4.381272315979004,9.577080726623535,9.436366081237793
2023-02-02 00:00:00+01:00,8.689826965332031,4.471839427947998,9.402316093444824,9.42758846282959
2023-02-03 00:00:00+01:00,8.638203620910645,4.455221652984619,9.536301612854004,9.423198699951172
2023-02-06 00:00:00+01:00,8.52119255065918,4.4693474769592285,9.488243103027344,9.383699417114258
2023-02-07 00:00:00+01:00,8.399018287658691,4.452729225158691,9.351344108581543,9.370532035827637
2023-02-08 00:00:00+01:00,8.543562889099121,4.441927909851074,9.533390045166016,9.348586082458496
2023-02-09 00:00:00+01:00,8.567652702331543,4.4369425773620605,9.524651527404785,9.348586082458496
2023-02-10 00:00:00+01:00,8.57625675201416,4.495935440063477,9.616403579711914,9.317864418029785
2023-02-13 00:00:00+01:00,8.600347518920898,4.489288330078125,9.561060905456543,9.392477035522461
2023-02-14 00:00:00+01:00,8.633902549743652,4.470178127288818,9.64116096496582,9.436366081237793
2023-02-15 00:00:00+01:00,8.633902549743652,4.475993633270264,9.676114082336426,9.537313461303711
2023-02-16 00:00:00+01:00,8.595185279846191,4.465192794799805,9.738737106323242,9.506591796875
2023-02-17 00:00:00+01:00,8.74575138092041,4.447743892669678,9.830490112304688,9.568037033081055
2023-02-20 00:00:00+01:00,8.78877067565918,4.44525146484375,9.89893913269043,9.57681655883789
2023-02-21 00:00:00+01:00,8.810279846191406,4.4161696434021,10.376626968383789,9.620706558227539
2023-02-22 00:00:00+01:00,8.814581871032715,4.35302209854126,10.258661270141602,9.620706558227539
2023-02-23 00:00:00+01:00,8.965147972106934,4.370471954345703,10.296526908874512,9.572426795959473
2023-02-24 00:00:00+01:00,8.896317481994629,4.348868370056152,10.209145545959473,9.559258460998535
2023-02-27 00:00:00+01:00,8.960845947265625,4.408691883087158,10.168366432189941,9.57681655883789
2023-02-28 00:00:00+01:00,8.900620460510254,4.417831897735596,10.075160026550293,9.537313461303711
2023-03-01 00:00:00+01:00,8.64250659942627,4.320617198944092,9.904764175415039,9.313474655151367
2023-03-02 00:00:00+01:00,8.741449356079102,4.374626159667969,10.022729873657227,9.366143226623535
2023-03-03 00:00:00+01:00,8.883411407470703,4.404537677764893,10.094093322753906,9.401256561279297
2023-03-06 00:00:00+01:00,8.879110336303711,4.431957721710205,10.19895076751709,9.366143226623535
2023-03-07 00:00:00+01:00,8.823185920715332,4.399552822113037,10.24264144897461,9.3573637008667
2023-03-08 00:00:00+01:00,8.818883895874023,4.420324802398682,10.292158126831055,9.401256561279297
2023-03-09 00:00:00+01:00,8.814581871032715,4.419493675231934,10.267400741577148,9.396865844726562
2023-03-10 00:00:00+01:00,8.82748794555664,4.425310134887695,10.2688570022583,9.401256561279297
2023-03-13 00:00:00+01:00,8.754354476928711,4.343052387237549,10.130500793457031,9.374921798706055
2023-03-14 00:00:00+01:00,8.887714385986328,4.456883430480957,10.24700927734375,9.532925605773926
2023-03-15 00:00:00+01:00,8.930732727050781,4.358838081359863,9.874180793762207,9.54609203338623
2023-03-16 00:00:00+01:00,9.330808639526367,4.400382995605469,10.031469345092773,9.699707984924316
2023-03-17 00:00:00+01:00,9.098506927490234,4.392905235290527,9.780973434448242,9.585592269897461
2023-03-20 00:00:00+01:00,9.360922813415527,4.476824760437012,9.878548622131348,9.712873458862305
2023-03-21 00:00:00+01:00,9.335111618041992,4.553266525268555,10.088266372680664,9.752374649047852
2023-03-22 00:00:00+01:00,9.472771644592285,4.573208332061768,10.110111236572266,9.704097747802734
2023-03-23 00:00:00+01:00,9.58031940460205,4.575700759887695,10.1217622756958,9.734818458557129
2023-03-24 00:00:00+01:00,9.494280815124512,4.4801483154296875,9.88437557220459,9.717262268066406
2023-03-27 00:00:00+02:00,9.606130599975586,4.53997278213501,10.080985069274902,9.81821060180664
2023-03-28 00:00:00+02:00,9.649148941040039,4.528339862823486,10.140694618225098,9.87526798248291
2023-03-29 00:00:00+02:00,9.791111946105957,4.576530933380127,10.350412368774414,9.936714172363281
2023-03-30 00:00:00+02:00,9.859941482543945,4.661282062530518,10.600908279418945,10.011326789855957
2023-03-31 00:00:00+02:00,9.894356727600098,4.6754069328308105,10.612560272216797,10.081548690795898
2023-04-03 00:00:00+02:00,9.804018020629883,4.654635429382324,10.682464599609375,9.971824645996094
2023-04-04 00:00:00+02:00,9.958885192871094,4.640510082244873,10.740720748901367,10.02888298034668
2023-04-05 00:00:00+02:00,10.001904487609863,4.704488754272461,10.868879318237305,10.27466869354248
2023-04-06 00:00:00+02:00,10.079339027404785,4.859864711761475,10.970826148986816,10.322945594787598
2023-04-11 00:00:00+02:00,10.14816951751709,4.905562877655029,11.068402290344238,10.257112503051758
2023-04-12 00:00:00+02:00,10.225602149963379,4.978681564331055,11.112093925476074,10.327336311340332
2023-04-13 00:00:00+02:00,10.208395957946777,4.783421993255615,11.072772026062012,10.239554405212402
2023-04-14 00:00:00+02:00,10.11805534362793,4.742709159851074,10.982477188110352,10.063994407653809
2023-04-17 00:00:00+02:00,10.139564514160156,4.752679824829102,11.078597068786621,10.09910774230957
2023-04-18 00:00:00+02:00,10.234207153320312,4.7850847244262695,11.135396003723145,10.112275123596191
2023-04-19 00:00:00+02:00,10.2858304977417,4.826628684997559,11.243165969848633,10.27027702331543
2023-04-20 00:00:00+02:00,10.324546813964844,4.852386951446533,11.230059623718262,10.384440422058105
2023-04-21 00:00:00+02:00,10.363264083862305,4.927997589111328,11.267925262451172,10.39322280883789
2023-04-24 00:00:00+02:00,10.298735618591309,5.0085930824279785,11.154328346252441,10.380050659179688
2023-04-25 00:00:00+02:00,10.238508224487305,5.031858444213867,11.232973098754883,10.388832092285156
2023-04-26 00:00:00+02:00,10.324546813964844,5.060108184814453,11.231515884399414,10.397613525390625
2023-04-27 00:00:00+02:00,10.2858304977417,5.122424602508545,11.219864845275879,10.388832092285156
2023-04-28 00:00:00+02:00,10.328847885131836,5.150675296783447,11.626752853393555,10.344923973083496
2023-05-02 00:00:00+02:00,10.311640739440918,5.066755294799805,11.506609916687012,10.322970390319824
2023-05-03 00:00:00+02:00,10.333150863647461,5.067586421966553,11.556268692016602,10.301013946533203
2023-05-04 00:00:00+02:00,10.410584449768066,5.057615756988525,11.703646659851074,10.402005195617676
2023-05-05 00:00:00+02:00,10.419187545776367,5.119932651519775,11.657190322875977,10.362486839294434
2023-05-08 00:00:00+02:00,10.410584449768066,5.084204196929932,11.751704216003418,10.362486839294434
2023-05-09 00:00:00+02:00,10.574056625366211,5.07838773727417,11.794955253601074,10.353706359863281
2023-05-10 00:00:00+02:00,10.406282424926758,5.062601089477539,11.764518737792969,10.340533256530762
2023-05-11 00:00:00+02:00,10.29443359375,5.02188777923584,11.84461498260498,10.336141586303711
2023-05-12 00:00:00+02:00,10.384773254394531,5.033520698547363,11.908692359924316,10.419568061828613
2023-05-15 00:00:00+02:00,10.37617015838623,5.000284194946289,11.839808464050293,10.397613525390625
2023-05-16 00:00:00+02:00,10.333150863647461,5.001945972442627,11.862236976623535,10.402005195617676
2023-05-17 00:00:00+02:00,10.247112274169922,4.967048645019531,11.798158645629883,10.239542961120605
2023-05-18 00:00:00+02:00,9.964751243591309,4.903070449829102,11.612336158752441,10.103425025939941
2023-05-19 00:00:00+02:00,10.113009452819824,4.9928059577941895,11.610733985900879,10.21319580078125
2023-05-22 00:00:00+02:00,10.211847305297852,5.017732620239258,11.559473991394043,10.204414367675781
2023-05-23 00:00:00+02:00,10.288224220275879,5.0110859870910645,11.541851043701172,10.226370811462402
2023-05-24 00:00:00+02:00,10.117502212524414,4.9562482833862305,11.413697242736816,10.18685245513916
2023-05-25 00:00:00+02:00,10.01866340637207,4.885622024536133,11.168603897094727,9.99804401397705
2023-05-26 00:00:00+02:00,10.009678840637207,4.947107315063477,11.130157470703125,10.090251922607422
2023-05-29 00:00:00+02:00,10.063590049743652,4.949600696563721,11.147778511047363,10.063907623291016
2023-05-30 00:00:00+02:00,10.166921615600586,4.995299339294434,11.261515617370605,10.094644546508789
2023-05-31 00:00:00+02:00,10.162428855895996,4.867341995239258,11.247097969055176,10.01121711730957
2023-06-01 00:00:00+02:00,10.17590618133545,4.9504313468933105,11.283942222595215,10.107816696166992
2023-06-02 00:00:00+02:00,10.17141342163086,5.023549556732178,11.296757698059082,10.169288635253906
2023-06-05 00:00:00+02:00,10.139966011047363,4.9828362464904785,11.275932312011719,10.160506248474121
2023-06-06 00:00:00+02:00,10.108516693115234,5.0268731117248535,11.30636978149414,10.261497497558594
2023-06-07 00:00:00+02:00,10.211847305297852,4.995299339294434,11.320786476135254,10.125380516052246
2023-06-08 00:00:00+02:00,10.180399894714355,5.046814441680908,11.359232902526855,10.050734519958496
2023-06-09 00:00:00+02:00,10.24329662322998,5.04598331451416,11.396077156066895,10.094644546508789
2023-06-12 00:00:00+02:00,10.207355499267578,5.077556610107422,11.299962043762207,10.138550758361816
2023-06-13 00:00:00+02:00,10.153444290161133,5.043490886688232,11.341611862182617,10.072688102722168
2023-06-14 00:00:00+02:00,10.130979537963867,5.075064659118652,11.450542449951172,10.160506248474121
2023-06-15 00:00:00+02:00,10.01866340637207,5.066755294799805,11.39287281036377,10.178071022033691
2023-06-16 00:00:00+02:00,10.26126766204834,5.077556610107422,11.498600006103516,10.380050659179688
2023-06-19 00:00:00+02:00,10.184891700744629,5.066755294799805,11.349620819091797,10.279060363769531
2023-06-20 00:00:00+02:00,10.25677490234375,5.069248199462891,11.461755752563477,10.489823341369629
2023-06-21 00:00:00+02:00,10.211847305297852,5.02188777923584,11.413697242736816,10.384440422058105
2023-06-22 00:00:00+02:00,10.193878173828125,5.02188777923584,11.380057334899902,10.322970390319824
2023-06-23 00:00:00+02:00,10.216341018676758,5.032689571380615,11.303165435791016,10.252715110778809
2023-06-26 00:00:00+02:00,10.234312057495117,5.051799297332764,11.498600006103516,10.239542961120605
2023-06-27 00:00:00+02:00,10.25228214263916,5.099160194396973,11.511415481567383,10.353706359863281
2023-06-28 00:00:00+02:00,10.34213638305664,5.108299732208252,11.538647651672363,10.423959732055664
2023-06-29 00:00:00+02:00,10.364599227905273,5.099160194396973,12.016020774841309,10.410786628723145
2023-06-30 00:00:00+02:00,10.49488639831543,5.124917984008789,12.197038650512695,10.494214057922363
2023-07-03 00:00:00+02:00,10.59372615814209,5.184741020202637,12.307571411132812,10.665459632873535
2023-07-04 00:00:00+02:00,10.50387191772461,5.2669997215271,12.382861137390137,10.683021545410156
2023-07-05 00:00:00+02:00,10.409525871276855,5.159814834594727,12.249900817871094,10.388832092285156
2023-07-06 00:00:00+02:00,10.27025318145752,5.016901969909668,12.02723503112793,10.261497497558594
2023-07-07 00:00:00+02:00,10.157936096191406,5.065924644470215,12.089709281921387,10.09542179107666
2023-07-10 00:00:00+02:00,10.077067375183105,5.048476696014404,11.934322357177734,10.045778274536133
2023-07-11 00:00:00+02:00,10.153444290161133,5.0850348472595215,11.948740005493164,10.045778274536133
2023-07-12 00:00:00+02:00,10.297208786010742,5.1764326095581055,11.982380867004395,10.149576187133789
2023-07-13 00:00:00+02:00,10.34213638305664,5.259521961212158,12.081700325012207,10.24434757232666
2023-07-14 00:00:00+02:00,10.328658103942871,5.183079719543457,12.024029731750488,10.212757110595703
2023-07-17 00:00:00+02:00,10.220833778381348,5.1764326095581055,11.99839973449707,10.127012252807617
2023-07-18 00:00:00+02:00,10.25228214263916,5.215484142303467,12.000001907348633,10.090909004211426
2023-07-19 00:00:00+02:00,10.211847305297852,5.213822841644287,12.059272766113281,10.081881523132324
2023-07-20 00:00:00+02:00,10.310687065124512,5.229609489440918,12.301163673400879,10.253374099731445
2023-07-21 00:00:00+02:00,10.409525871276855,5.2645063400268555,12.3844633102417,10.402299880981445
2023-07-24 00:00:00+02:00,10.414018630981445,5.315127372741699,12.329998016357422,10.352657318115234
2023-07-25 00:00:00+02:00,10.382570266723633,5.316843032836914,12.312376022338867,10.307528495788574
2023-07-26 00:00:00+02:00,10.436482429504395,5.336576461791992,12.32038688659668,10.31655502319336
2023-07-27 00:00:00+02:00,10.427495956420898,5.414651870727539,12.265921592712402,10.393274307250977
2023-07-28 00:00:00+02:00,10.34213638305664,5.383764266967773,12.009613037109375,10.325580596923828
2023-07-31 00:00:00+02:00,10.33764362335205,5.381190776824951,11.943934440612793,10.248860359191895
2023-08-01 00:00:00+02:00,10.319671630859375,5.327997207641602,11.931118965148926,10.077370643615723
2023-08-02 00:00:00+02:00,10.095038414001465,5.213028430938721,11.722868919372559,9.851723670959473
2023-08-03 00:00:00+02:00,9.915331840515137,5.152970314025879,11.533842086791992,9.70279598236084
2023-08-04 00:00:00+02:00,9.982722282409668,5.098918437957764,11.564278602600098,9.738900184631348
2023-08-07 00:00:00+02:00,9.883883476257324,5.089480876922607,11.551462173461914,9.716336250305176
2023-08-08 00:00:00+02:00,9.987214088439941,5.081758975982666,11.561075210571289,9.779516220092773
2023-08-09 00:00:00+02:00,9.834464073181152,5.153828144073486,11.663599014282227,9.747925758361816
2023-08-10 00:00:00+02:00,9.982722282409668,5.230188369750977,11.722868919372559,9.878801345825195
2023-08-11 00:00:00+02:00,9.955766677856445,5.152970314025879,11.60913372039795,9.86977481842041
2023-08-14 00:00:00+02:00,10.054604530334473,5.194153308868408,11.650782585144043,9.820133209228516
2023-08-15 00:00:00+02:00,9.847942352294922,,11.540250778198242,9.608025550842285
2023-08-16 00:00:00+02:00,9.897361755371094,5.1074981689453125,11.617141723632812,9.666692733764648
2023-08-17 00:00:00+02:00,10.009678840637207,5.048298358917236,11.6027250289917,9.53581714630127
2023-08-18 00:00:00+02:00,10.059097290039062,5.082617282867432,11.684423446655273,9.589973449707031
2023-08-21 00:00:00+02:00,9.964751243591309,5.082617282867432,11.809372901916504,9.567408561706543
2023-08-22 00:00:00+02:00,9.915331840515137,5.13838529586792,11.770926475524902,9.639616012573242
2023-08-23 00:00:00+02:00,10.03663444519043,5.201875686645508,11.729276657104492,9.79305648803711
2023-08-24 00:00:00+02:00,10.095038414001465,5.211312770843506,11.762916564941406,9.797567367553711
2023-08-25 00:00:00+02:00,10.193878173828125,5.241342067718506,11.849420547485352,9.896852493286133
2023-08-28 00:00:00+02:00,10.184891700744629,5.259359359741211,11.883062362670898,9.932955741882324
2023-08-29 00:00:00+02:00,10.279237747192383,5.325422763824463,12.04004955291748,10.149576187133789
2023-08-30 00:00:00+02:00,10.225326538085938,5.306546688079834,11.924711227416992,9.91490364074707
2023-08-31 00:00:00+02:00,10.225326538085938,5.327997207641602,11.926313400268555,9.892339706420898
2023-09-01 00:00:00+02:00,10.202862739562988,5.281666278839111,11.870245933532715,9.784029960632324
2023-09-04 00:00:00+02:00,10.144457817077637,5.275660991668701,11.817381858825684,9.689257621765137
2023-09-05 00:00:00+02:00,10.095038414001465,5.261932849884033,11.67801570892334,9.603511810302734
2023-09-06 00:00:00+02:00,10.157936096191406,5.236194133758545,11.617141723632812,9.648641586303711
2023-09-07 00:00:00+02:00,10.216341018676758,5.327139377593994,11.73888874053955,9.802081108093262
2023-09-08 00:00:00+02:00,10.279237747192383,5.311695098876953,11.876653671264648,9.847209930419922
2023-09-11 00:00:00+02:00,10.378077507019043,5.327997207641602,11.924711227416992,9.761463165283203
2023-09-12 00:00:00+02:00,10.378077507019043,5.318558692932129,11.919904708862305,9.75243854522705
2023-09-13 00:00:00+02:00,10.315179824829102,5.255927085876465,11.932721138000488,9.73438549041748
2023-09-14 00:00:00+02:00,10.431988716125488,5.424089431762695,12.131359100341797,9.932955741882324
2023-09-15 00:00:00+02:00,10.458946228027344,5.392343997955322,12.173008918762207,10.005163192749023
2023-09-18 00:00:00+02:00,10.409525871276855,5.350304126739502,12.09131145477295,9.978084564208984
2023-09-19 00:00:00+02:00,10.580246925354004,5.340866565704346,12.245096206665039,10.050292015075684
2023-09-20 00:00:00+02:00,10.652130126953125,5.383764266967773,12.148981094360352,10.163115501403809
2023-09-21 00:00:00+02:00,10.472423553466797,5.222465991973877,11.969564437866211,9.937467575073242
2023-09-22 00:00:00+02:00,10.35112190246582,5.186431407928467,11.980778694152832,9.892339706420898
2023-09-25 00:00:00+02:00,10.33764362335205,5.126373291015625,11.887866973876953,9.72084903717041
2023-09-26 00:00:00+02:00,10.24778938293457,5.103208065032959,11.809372901916504,9.761463165283203
2023-09-27 00:00:00+02:00,10.113009452819824,5.019985198974609,11.6219482421875,9.594486236572266
2023-09-28 00:00:00+02:00,9.955766677856445,4.965933322906494,11.524230003356934,9.540329933166504
2023-09-29 00:00:00+02:00,10.063590049743652,4.9933881759643555,11.637967109680176,9.562895774841309
2023-10-02 00:00:00+02:00,9.78953742980957,4.856971263885498,11.436125755310059,9.265044212341309
2023-10-03 00:00:00+02:00,9.515483856201172,4.733422756195068,11.215059280395508,8.928378105163574
2023-10-04 00:00:00+02:00,9.623307228088379,4.767742156982422,11.235884666442871,9.039395332336426
2023-10-05 00:00:00+02:00,9.6951904296875,4.765168190002441,11.325592041015625,9.147706031799316
2023-10-06 00:00:00+02:00,9.614322662353516,4.805492877960205,11.319184303283691,9.152219772338867
2023-10-09 00:00:00+02:00,9.753595352172852,4.8080668449401855,11.436125755310059,9.242477416992188
2023-10-10 00:00:00+02:00,9.951272964477539,4.899869441986084,11.670005798339844,9.48166275024414
2023-10-11 00:00:00+02:00,9.924317359924316,4.959928035736084,11.799761772155762,9.599000930786133
2023-10-12 00:00:00+02:00,9.753595352172852,4.93676233291626,11.758111953735352,9.549357414245605
2023-10-13 00:00:00+02:00,9.861420631408691,4.910165309906006,11.835003852844238,9.531306266784668
2023-10-16 00:00:00+02:00,9.883883476257324,4.928182125091553,11.860634803771973,9.490689277648926
2023-10-17 00:00:00+02:00,9.879389762878418,4.926466464996338,11.927915573120117,9.454586029052734
2023-10-18 00:00:00+02:00,9.865911483764648,4.891290187835693,11.790149688720703,9.368840217590332
2023-10-19 00:00:00+02:00,9.803014755249023,4.874988079071045,11.913497924804688,9.395917892456055
2023-10-20 00:00:00+02:00,9.794029235839844,4.844959259033203,11.764518737792969,9.359813690185547
2023-10-23 00:00:00+02:00,9.816493034362793,4.8827104568481445,11.615540504455566,9.292120933532715
2023-10-24 00:00:00+02:00,9.969244956970215,4.953063488006592,11.801363945007324,9.395917892456055
2023-10-25 00:00:00+02:00,9.973736763000488,4.935046195983887,11.897479057312012,9.504228591918945
2023-10-26 00:00:00+02:00,9.982722282409668,4.958211421966553,11.931118965148926,9.499714851379395
2023-10-27 00:00:00+02:00,9.982722282409668,4.937620162963867,11.951944351196289,9.359813690185547
2023-10-30 00:00:00+01:00,9.964751243591309,5.050014972686768,12.003205299377441,9.391403198242188
2023-10-31 00:00:00+01:00,10.081561088562012,5.1375274658203125,12.017622947692871,9.477150917053223
2023-11-01 00:00:00+01:00,10.24329662322998,5.176136493682861,12.297959327697754,9.508740425109863
2023-11-02 00:00:00+01:00,10.24778938293457,5.245630741119385,12.139369010925293,9.70279598236084
2023-11-03 00:00:00+01:00,10.216341018676758,5.285098075866699,12.13776683807373,9.639616012573242
2023-11-06 00:00:00+01:00,10.121994972229004,5.273086071014404,12.126553535461426,9.540329933166504
2023-11-07 00:00:00+01:00,10.207355499267578,5.249921798706055,12.256309509277344,9.44555950164795
2023-11-08 00:00:00+01:00,10.126487731933594,5.223324298858643,12.1233491897583,9.44555950164795
2023-11-09 00:00:00+01:00,10.234312057495117,5.281666278839111,12.259512901306152,9.61253833770752
2023-11-10 00:00:00+01:00,10.288224220275879,5.258501052856445,12.253106117248535,9.61253833770752
2023-11-13 00:00:00+01:00,10.162428855895996,5.305689334869385,12.27232837677002,9.666692733764648
2023-11-14 00:00:00+01:00,10.27025318145752,5.383764266967773,12.297959327697754,9.82464599609375
2023-11-15 00:00:00+01:00,10.139966011047363,5.361457824707031,12.269124031066895,9.725360870361328
2023-11-16 00:00:00+01:00,10.346628189086914,5.406930446624756,12.429317474365234,9.932955741882324
2023-11-17 00:00:00+01:00,10.382570266723633,5.495301246643066,12.4949951171875,9.991622924804688
2023-11-20 00:00:00+01:00,10.373584747314453,5.568228244781494,12.501402854919434,10.041265487670898
2023-11-21 00:00:00+01:00,10.373584747314453,5.504738807678223,12.443735122680664,9.964545249938965
2023-11-22 00:00:00+01:00,10.423005104064941,5.4832892417907715,12.483782768249512,10.014187812805176
2023-11-23 00:00:00+01:00,10.49488639831543,5.475567817687988,12.591111183166504,10.045778274536133
2023-11-24 00:00:00+01:00,10.59372615814209,5.50302267074585,12.618343353271484,10.099933624267578
2023-11-27 00:00:00+01:00,10.683579444885254,5.518465995788574,12.684022903442383,10.163115501403809
2023-11-28 00:00:00+01:00,10.768939971923828,5.527046203613281,12.749701499938965,10.18116569519043
2023-11-29 00:00:00+01:00,10.759954452514648,5.519323825836182,12.712857246398926,10.203730583190918
2023-11-30 00:00:00+01:00,10.724013328552246,5.564796447753906,12.749701499938965,10.239834785461426
2023-12-01 00:00:00+01:00,10.80937385559082,5.5828142166137695,12.852224349975586,10.312042236328125
2023-12-04 00:00:00+01:00,10.82734489440918,5.606836795806885,12.852224349975586,10.393274307250977
2023-12-05 00:00:00+01:00,10.930676460266113,5.619707107543945,12.807371139526367,10.447429656982422
2023-12-06 00:00:00+01:00,11.074441909790039,5.617990493774414,12.8858642578125,10.524149894714355
2023-12-07 00:00:00+01:00,11.141831398010254,5.612842559814453,12.949941635131836,10.596357345581055
2023-12-08 00:00:00+01:00,11.218206405639648,5.633434772491455,13.002803802490234,10.64599895477295
2023-12-11 00:00:00+01:00,11.15980339050293,5.591393947601318,12.917902946472168,10.605381965637207
2023-12-12 00:00:00+01:00,11.186758995056152,5.619707107543945,12.807371139526367,10.55573844909668
2023-12-13 00:00:00+01:00,11.285597801208496,5.672901153564453,12.943533897399902,10.605381965637207
2023-12-14 00:00:00+01:00,11.352987289428711,5.767277717590332,13.031639099121094,10.673075675964355
2023-12-15 00:00:00+01:00,11.249656677246094,5.722662925720215,12.986785888671875,10.614407539367676
2023-12-18 00:00:00+01:00,10.993573188781738,5.716656684875488,12.884263038635254,10.55573844909668
2023-12-19 00:00:00+01:00,11.025023460388184,5.748402118682861,12.853826522827148,10.673075675964355
2023-12-20 00:00:00+01:00,11.047486305236816,5.720947742462158,12.991591453552246,10.614407539367676
2023-12-21 00:00:00+01:00,11.007051467895508,5.7260942459106445,13.010814666748047,10.636972427368164
2023-12-22 00:00:00+01:00,11.051979064941406,5.764702796936035,12.943533897399902,10.704667091369629
2023-12-27 00:00:00+01:00,10.944154739379883,5.766419887542725,12.951544761657715,10.682101249694824
2023-12-28 00:00:00+01:00,10.90372085571289,5.756124019622803,12.783341407775879,10.673075675964355
2023-12-29 00:00:00+01:00,10.917198181152344,5.774141311645508,12.749701499938965,10.713692665100098
2024-01-02 00:00:00+01:00,10.953139305114746,5.756124019622803,12.775331497192383,10.718206405639648
2024-01-03 00:00:00+01:00,10.962124824523926,5.68491268157959,12.687226295471191,10.682101249694824
2024-01-04 00:00:00+01:00,11.164295196533203,5.768993377685547,12.96115493774414,10.858105659484863
2024-01-05 00:00:00+01:00,11.213714599609375,5.74068021774292,13.090910911560059,10.862619400024414
2024-01-08 00:00:00+01:00,11.272119522094727,5.756124019622803,13.146977424621582,10.826517105102539
2024-01-09 00:00:00+01:00,11.487767219543457,5.747544288635254,13.255908012390137,10.686055183410645
2024-01-10 00:00:00+01:00,11.330524444580078,5.780147075653076,13.217463493347168,10.653923034667969
2024-01-11 00:00:00+01:00,11.236178398132324,5.724379062652588,13.039650917053223,10.575888633728027
2024-01-12 00:00:00+01:00,11.38443660736084,5.825619697570801,12.970767974853516,10.71818733215332
2024-01-15 00:00:00+01:00,11.37994384765625,5.840205192565918,12.871447563171387,10.709006309509277
2024-01-16 00:00:00+01:00,11.29458236694336,5.7913007736206055,12.621548652648926,10.60343074798584
2024-01-17 00:00:00+01:00,11.263134002685547,5.693492412567139,12.437326431274414,10.511625289916992
2024-01-18 00:00:00+01:00,11.074441909790039,5.681480884552002,12.464560508728027,10.341787338256836
2024-01-19 00:00:00+01:00,11.209222793579102,5.715799331665039,12.456549644470215,10.30047607421875
2024-01-22 00:00:00+01:00,11.195744514465332,5.6590576171875,12.515820503234863,10.337197303771973
2024-01-23 00:00:00+01:00,11.101397514343262,5.615615367889404,12.254707336425781,10.144408226013184
2024-01-24 00:00:00+01:00,11.164295196533203,5.59965705871582,12.229076385498047,10.213260650634766
2024-01-25 00:00:00+01:00,11.15980339050293,5.581925392150879,12.145776748657227,10.16276741027832
2024-01-26 00:00:00+01:00,11.14632511138916,5.559760570526123,11.740489959716797,10.070964813232422
2024-01-29 00:00:00+01:00,11.177772521972656,5.517204761505127,11.775732040405273,10.116867065429688
2024-01-30 00:00:00+01:00,11.15980339050293,5.546462059020996,11.854227066040039,10.185718536376953
2024-01-31 00:00:00+01:00,11.285597801208496,5.621821403503418,11.862236976623535,10.259162902832031
2024-02-01 00:00:00+01:00,11.281105041503906,5.500360012054443,11.766120910644531,10.213260650634766
2024-02-02 00:00:00+01:00,10.962124824523926,5.4808549880981445,11.737286567687988,10.144408226013184
2024-02-05 00:00:00+01:00,10.975603103637695,5.432093143463135,11.782139778137207,10.112276077270508
2024-02-06 00:00:00+01:00,10.935168266296387,5.386877059936523,11.713257789611816,9.914896011352539
2024-02-07 00:00:00+01:00,10.881256103515625,5.346094131469727,11.59952163696289,9.795549392700195
2024-02-08 00:00:00+01:00,10.80488109588623,5.277827262878418,11.524230003356934,9.749648094177246
2024-02-09 00:00:00+01:00,10.746476173400879,5.20778751373291,11.293554306030273,9.813910484313965
2024-02-12 00:00:00+01:00,10.786910057067871,5.245910167694092,11.43932819366455,9.901124000549316
2024-02-13 00:00:00+01:00,10.670101165771484,5.215765953063965,11.468162536621094,9.88276481628418
2024-02-14 00:00:00+01:00,10.57575511932373,5.243250846862793,11.514619827270508,9.901124000549316
2024-02-15 00:00:00+01:00,10.652130126953125,5.253003120422363,11.591510772705078,9.965387344360352
2024-02-16 00:00:00+01:00,10.562276840209961,5.20778751373291,11.471367835998535,9.891944885253906
2024-02-19 00:00:00+01:00,10.638651847839355,5.196261882781982,11.469764709472656,9.910306930541992
2024-02-20 00:00:00+01:00,10.813865661621094,5.233498573303223,11.570686340332031,10.006701469421387
2024-02-21 00:00:00+01:00,10.764446258544922,5.281373500823975,11.637967109680176,10.03883171081543
2024-02-22 00:00:00+01:00,10.60720443725586,5.260096073150635,11.817381858825684,9.868992805480957
2024-02-23 00:00:00+01:00,10.602710723876953,5.282260417938232,11.88626480102539,9.758828163146973
2024-02-26 00:00:00+01:00,10.548798561096191,5.209560871124268,11.732481002807617,9.653254508972168
2024-02-27 00:00:00+01:00,10.512857437133789,5.266302108764648,11.76131534576416,9.671612739562988
2024-02-28 00:00:00+01:00,10.544305801391602,5.189169406890869,11.88626480102539,9.621121406555176
2024-02-29 00:00:00+01:00,10.611696243286133,5.215765953063965,11.883062362670898,9.749648094177246
2024-03-01 00:00:00+01:00,10.656622886657715,5.223746299743652,11.770926475524902,9.644071578979492
2024-03-04 00:00:00+01:00,10.557785034179688,5.233498573303223,11.751704216003418,9.712925910949707
2024-03-05 00:00:00+01:00,10.759954452514648,5.353187084197998,12.004807472229004,9.873584747314453
2024-03-06 00:00:00+01:00,10.715027809143066,5.409041404724121,12.153785705566406,9.928664207458496
2024-03-07 00:00:00+01:00,10.80937385559082,5.442731857299805,12.227474212646484,10.190309524536133
2024-03-08 00:00:00+01:00,10.773431777954102,5.434752464294434,12.213057518005371,10.084733963012695
2024-03-11 00:00:00+01:00,10.759954452514648,5.457804203033447,12.197038650512695,10.13981819152832
2024-03-12 00:00:00+01:00,10.60720443725586,5.453371047973633,12.139369010925293,9.965387344360352
2024-03-13 00:00:00+01:00,11.245163917541504,5.5047926902771,12.113737106323242,10.061783790588379
2024-03-14 00:00:00+01:00,11.546173095703125,5.433866024017334,12.246697425842285,9.942436218261719
2024-03-15 00:00:00+01:00,11.411392211914062,5.435638904571533,12.3187837600708,10.080143928527832
2024-03-18 00:00:00+01:00,11.303567886352539,5.385103702545166,12.273930549621582,10.084733963012695
2024-03-19 00:00:00+01:00,11.13284683227539,5.386877059936523,12.317182540893555,10.093914031982422
2024-03-20 00:00:00+01:00,11.245163917541504,5.410815238952637,12.36203670501709,10.167359352111816
2024-03-21 00:00:00+01:00,11.078934669494629,5.381557941436768,12.291550636291504,10.213260650634766
2024-03-22 00:00:00+01:00,11.191250801086426,5.39130973815918,12.358832359313965,10.364738464355469
2024-03-25 00:00:00+01:00,11.29907512664795,5.378897666931152,12.427714347839355,10.447362899780273
2024-03-26 00:00:00+01:00,11.46530532836914,5.393969535827637,12.42611312866211,10.497856140136719
2024-03-27 00:00:00+01:00,11.546173095703125,5.468442916870117,12.522228240966797,10.658513069152832
2024-03-28 00:00:00+01:00,11.577621459960938,5.425000190734863,12.4229097366333,10.552937507629395
2024-04-02 00:00:00+02:00,11.46530532836914,5.308857440948486,12.47897720336914,10.497856140136719
2024-04-03 00:00:00+02:00,11.38443660736084,5.310630798339844,12.458952903747559,10.47490406036377
2024-04-04 00:00:00+02:00,11.335016250610352,5.360279560089111,12.48698616027832,10.493266105651855
2024-04-05 00:00:00+02:00,11.1283540725708,5.237044334411621,12.334803581237793,10.328017234802246
2024-04-08 00:00:00+02:00,11.168787956237793,5.229951858520508,12.466961860656738,10.26834487915039
2024-04-09 00:00:00+02:00,11.222700119018555,5.164344787597656,12.599120140075684,10.213260650634766
2024-04-10 00:00:00+02:00,11.092412948608398,5.052635192871094,12.567082405090332,10.107686042785645
2024-04-11 00:00:00+02:00,11.047486305236816,5.059728145599365,12.507009506225586,10.213260650634766
2024-04-12 00:00:00+02:00,11.191250801086426,5.206900596618652,12.71926498413086,10.328017234802246
2024-04-15 00:00:00+02:00,11.096905708312988,5.184736251831055,12.60713005065918,10.337197303771973
2024-04-16 00:00:00+02:00,10.849807739257812,5.1368608474731445,12.583102226257324,10.217850685119629
2024-04-17 00:00:00+02:00,10.908212661743164,5.129767894744873,12.599120140075684,10.29129409790039
2024-04-18 00:00:00+02:00,11.016036987304688,5.206014633178711,12.671207427978516,10.369328498840332
2024-04-19 00:00:00+02:00,11.123861312866211,5.279600620269775,12.759313583374023,10.410640716552734
2024-04-22 00:00:00+02:00,11.209222793579102,5.362939357757568,12.795355796813965,10.511625289916992
2024-04-23 00:00:00+02:00,11.249656677246094,5.425886631011963,12.827394485473633,10.594249725341797
2024-04-24 00:00:00+02:00,11.222700119018555,5.397516250610352,12.883460998535156,10.58506965637207
2024-04-25 00:00:00+02:00,11.186758995056152,5.372691631317139,12.879456520080566,10.520806312561035
2024-04-26 00:00:00+02:00,11.150816917419434,5.434752464294434,12.895477294921875,10.658513069152832
2024-04-29 00:00:00+02:00,11.200237274169922,5.4968132972717285,13.015621185302734,10.699825286865234
2024-04-30 00:00:00+02:00,11.141831398010254,5.479968547821045,13.031639099121094,10.566707611083984
2024-05-02 00:00:00+02:00,11.245163917541504,5.534050464630127,13.360943794250488,10.626381874084473
2024-05-03 00:00:00+02:00,11.339509010314941,5.541142463684082,13.338990211486816,10.626381874084473
2024-05-06 00:00:00+02:00,11.330524444580078,5.607635974884033,13.418022155761719,10.695234298706055
2024-05-07 00:00:00+02:00,11.59109878540039,5.659944534301758,13.571698188781738,10.920156478881836
2024-05-08 00:00:00+02:00,11.653997421264648,5.714912414550781,13.738544464111328,10.989008903503418
2024-05-09 00:00:00+02:00,11.757328033447266,5.769880771636963,13.778060913085938,11.021154403686523
2024-05-10 00:00:00+02:00,11.856165885925293,5.988866806030273,13.909783363342285,11.214025497436523
2024-05-13 00:00:00+02:00,11.85167407989502,5.986207008361816,13.79123306274414,11.1635103225708
2024-05-14 00:00:00+02:00,11.716894149780273,5.952517509460449,13.86148452758789,11.200248718261719
2024-05-15 00:00:00+02:00,11.896600723266602,6.0659990310668945,13.93173599243164,11.347196578979492
2024-05-16 00:00:00+02:00,12.040366172790527,6.045608043670654,13.857093811035156,11.351788520812988
2024-05-17 00:00:00+02:00,11.881324768066406,6.028763294219971,13.848313331604004,11.310460090637207
2024-05-20 00:00:00+02:00,11.853259086608887,5.9941864013671875,13.716590881347656,11.282907485961914
2024-05-21 00:00:00+02:00,11.881324768066406,5.97113561630249,13.716590881347656,11.305868148803711
2024-05-22 00:00:00+02:00,11.731637954711914,5.917053699493408,13.769279479980469,11.278314590454102
2024-05-23 00:00:00+02:00,11.535176277160645,5.856766223907471,13.593650817871094,11.126773834228516
2024-05-24 00:00:00+02:00,11.553887367248535,5.812437057495117,13.576087951660156,11.03952407836914
2024-05-27 00:00:00+02:00,11.647440910339355,5.905527591705322,13.598041534423828,11.204840660095215
2024-05-28 00:00:00+02:00,11.600663185119629,5.904641151428223,13.58926010131836,11.158918380737305
2024-05-29 00:00:00+02:00,11.460332870483398,5.8248491287231445,13.527790069580078,10.95227336883545
2024-05-30 00:00:00+02:00,11.465011596679688,5.869178295135498,13.488273620605469,11.09462833404541
2024-05-31 00:00:00+02:00,11.488398551940918,5.901094913482666,13.641948699951172,11.112998008728027
2024-06-03 00:00:00+02:00,11.642763137817383,5.984434127807617,13.637557983398438,11.250761985778809
2024-06-04 00:00:00+02:00,11.750349998474121,5.97202205657959,13.602433204650879,11.305868148803711
2024-06-05 00:00:00+02:00,11.834547996520996,6.04028844833374,13.6199951171875,11.379342079162598
2024-06-06 00:00:00+02:00,11.75970458984375,6.026989936828613,13.562915802001953,11.324236869812012
2024-06-07 00:00:00+02:00,11.535176277160645,5.948970317840576,13.17214298248291,11.181879043579102
2024-06-10 00:00:00+02:00,11.521142959594727,5.9214863777160645,12.750635147094727,11.172696113586426
2024-06-11 00:00:00+02:00,11.493077278137207,5.823075771331787,12.50914478302002,11.09003734588623
2024-06-12 00:00:00+02:00,11.59130859375,5.887795925140381,12.293999671936035,11.204840660095215
2024-06-13 00:00:00+02:00,11.502432823181152,5.81066370010376,11.969086647033691,11.19565486907959
2024-06-14 00:00:00+02:00,11.628729820251465,5.618275165557861,11.652955055236816,11.13595962524414
2024-06-17 00:00:00+02:00,11.577275276184082,5.602316856384277,11.59587574005127,10.984416961669922
2024-06-18 00:00:00+02:00,11.642763137817383,5.718458652496338,11.679300308227539,11.099221229553223
2024-06-19 00:00:00+02:00,11.698895454406738,5.674129962921143,11.600266456604004,11.011969566345215
2024-06-20 00:00:00+02:00,11.755026817321777,5.753035545349121,11.881272315979004,11.1635103225708
2024-06-21 00:00:00+02:00,11.801803588867188,5.73530387878418,12.052510261535645,11.18647289276123
2024-06-24 00:00:00+02:00,11.792448043823242,5.800024509429932,12.056900978088379,11.315052032470703
2024-06-25 00:00:00+02:00,11.77841567993164,5.831942081451416,12.0086030960083,11.4344482421875
2024-06-26 00:00:00+02:00,11.689538955688477,5.8053436279296875,11.982259750366211,11.29209041595459
2024-06-27 00:00:00+02:00,11.586630821228027,5.760128974914551,11.780285835266113,11.158918380737305
2024-06-28 00:00:00+02:00,11.465011596679688,5.757468223571777,11.71003532409668,11.126773834228516
2024-07-01 00:00:00+02:00,11.418233871459961,5.857652187347412,12.056900978088379,11.315052032470703
2024-07-02 00:00:00+02:00,11.33403491973877,5.8381476402282715,12.175450325012207,11.19106388092041
2024-07-03 00:00:00+02:00,11.460332870483398,5.880703449249268,12.276436805725098,11.278314590454102
2024-07-04 00:00:00+02:00,11.450977325439453,5.894888877868652,12.381814956665039,11.189441680908203
2024-07-05 00:00:00+02:00,11.558564186096191,5.9454240798950195,12.548661231994629,11.227259635925293
2024-07-08 00:00:00+02:00,11.390168190002441,5.917053699493408,12.482800483703613,11.194169044494629
2024-07-09 00:00:00+02:00,11.338713645935059,5.894888877868652,12.38620376586914,11.099623680114746
2024-07-10 00:00:00+02:00,11.488398551940918,5.968475341796875,12.364251136779785,11.179987907409668
2024-07-11 00:00:00+02:00,11.694217681884766,6.0190110206604,12.434502601623535,11.359623908996582
2024-07-12 00:00:00+02:00,11.66615104675293,6.104123115539551,12.333516120910645,11.392714500427246
2024-07-15 00:00:00+02:00,11.483720779418945,6.0207839012146,12.206185340881348,11.184714317321777
2024-07-16 00:00:00+02:00,11.404200553894043,5.976454734802246,12.22813892364502,11.1279878616333
2024-07-17 00:00:00+02:00,11.577275276184082,6.000392436981201,12.272046089172363,11.203624725341797
2024-07-18 00:00:00+02:00,11.642763137817383,6.028763294219971,12.425721168518066,11.213078498840332
2024-07-19 00:00:00+02:00,11.581953048706055,5.980887413024902,12.474018096923828,11.109078407287598
2024-07-22 00:00:00+02:00,11.703572273254395,6.011107921600342,12.430110931396484,11.066533088684082
2024-07-23 00:00:00+02:00,11.80648136138916,6.030339241027832,12.478409767150879,11.146897315979004
2024-07-24 00:00:00+02:00,11.862614631652832,6.072464466094971,12.522316932678223,11.317078590393066
2024-07-25 00:00:00+02:00,12.012299537658691,6.0990214347839355,12.522316932678223,11.482532501220703
2024-07-26 00:00:00+02:00,12.02633285522461,6.108179092407227,12.675992965698242,11.543986320495605
2024-07-29 00:00:00+02:00,12.105854034423828,6.089864253997803,12.658429145812988,11.525076866149902
2024-07-30 00:00:00+02:00,12.105854034423828,6.071548938751221,12.715507507324219,11.510895729064941
2024-07-31 00:00:00+02:00,12.129242897033691,6.038580417633057,12.768196105957031,11.515624046325684
2024-08-01 00:00:00+02:00,11.801803588867188,5.968982219696045,12.746243476867676,11.491986274719238
2024-08-02 00:00:00+02:00,11.769060134887695,5.939677715301514,13.10189151763916,11.676350593566895
2024-08-05 00:00:00+02:00,11.203060150146484,5.766597270965576,13.022858619689941,11.293441772460938
2024-08-06 00:00:00+02:00,11.174993515014648,5.767513275146484,13.062374114990234,11.298169136047363
2024-08-07 00:00:00+02:00,11.348068237304688,5.888394355773926,13.145798683166504,11.463624000549316
2024-08-08 00:00:00+02:00,11.413556098937988,5.886563301086426,13.295082092285156,11.402170181274414
2024-08-09 00:00:00+02:00,11.436944961547852,5.869163513183594,13.400459289550781,11.416350364685059
2024-08-12 00:00:00+02:00,11.530498504638672,5.895720958709717,13.466320991516113,11.444714546203613
2024-08-13 00:00:00+02:00,11.586630821228027,5.957077980041504,13.532180786132812,11.600715637207031
2024-08-14 00:00:00+02:00,11.249836921691895,5.94242525100708,13.527790069580078,11.62907886505127
2024-08-15 00:00:00+02:00,11.217092514038086,,13.540963172912598,11.624351501464844
2024-08-16 00:00:00+02:00,11.432267189025879,6.016602516174316,13.668292999267578,11.676350593566895
2024-08-19 00:00:00+02:00,11.455655097961426,6.035833835601807,13.641948699951172,11.86544132232666
2024-08-20 00:00:00+02:00,11.59130859375,6.024844169616699,13.58926010131836,11.841803550720215
2024-08-21 00:00:00+02:00,11.567919731140137,6.046823024749756,13.593650817871094,11.855987548828125
2024-08-22 00:00:00+02:00,11.633408546447754,6.050485610961914,13.598041534423828,11.912714004516602
2024-08-23 00:00:00+02:00,11.797126770019531,6.148473739624023,13.6199951171875,11.993078231811523
2024-08-26 00:00:00+02:00,11.839225769042969,6.143894195556641,13.685855865478516,12.026168823242188
2024-08-27 00:00:00+02:00,11.886002540588379,6.200671672821045,13.751716613769531,11.99780559539795
2024-08-28 00:00:00+02:00,12.021656036376953,6.254702568054199,13.808795928955078,12.073441505432129
2024-08-29 00:00:00+02:00,11.881324768066406,6.269354820251465,13.848313331604004,12.045076370239258
2024-08-30 00:00:00+02:00,11.984233856201172,6.2858381271362305,13.988815307617188,12.120713233947754
2024-09-02 00:00:00+02:00,12.077788352966309,6.307816982269287,13.944908142089844,12.172713279724121
2024-09-03 00:00:00+02:00,12.105854034423828,6.312396049499512,13.80440616607666,12.182168006896973
2024-09-04 00:00:00+02:00,12.161986351013184,6.302322864532471,13.87026596069336,12.2483491897583
2024-09-05 00:00:00+02:00,12.316349029541016,6.405803680419922,14.076630592346191,12.427986145019531
2024-09-06 00:00:00+02:00,12.4332914352417,6.45708703994751,14.15127182006836,12.437439918518066
2024-09-09 00:00:00+02:00,12.559589385986328,6.459835052490234,14.032721519470215,12.60289478302002
2024-09-10 00:00:00+02:00,12.601689338684082,6.485476016998291,14.019550323486328,12.612350463867188
2024-09-11 00:00:00+02:00,12.568944931030273,6.459835052490234,14.07223892211914,12.631258010864258
2024-09-12 00:00:00+02:00,12.508134841918945,6.485476016998291,13.922954559326172,12.560349464416504
2024-09-13 00:00:00+02:00,12.667176246643066,6.518443584442139,13.92734432220459,12.673803329467773
2024-09-16 00:00:00+02:00,12.774763107299805,6.531264781951904,14.023941993713379,12.782532691955566
2024-09-17 00:00:00+02:00,12.816862106323242,6.578884601593018,14.07223892211914,12.96689510345459
2024-09-18 00:00:00+02:00,12.662498474121094,6.49646520614624,13.984424591064453,12.82507610321045
2024-09-19 00:00:00+02:00,12.330382347106934,6.38565731048584,13.672683715820312,12.654895782470703
2024-09-20 00:00:00+02:00,12.40522575378418,6.401225566864014,13.87026596069336,12.82034969329834
2024-09-23 00:00:00+02:00,12.512812614440918,6.465329647064209,13.87026596069336,12.990530014038086
2024-09-24 00:00:00+02:00,12.582977294921875,6.513864994049072,13.86148452758789,12.919621467590332
2024-09-25 00:00:00+02:00,12.540878295898438,6.500128269195557,13.87026596069336,12.89125919342041
2024-09-26 00:00:00+02:00,12.531523704528809,6.553243160247803,13.677074432373047,12.919621467590332
2024-09-27 00:00:00+02:00,12.601689338684082,6.605441570281982,13.725372314453125,12.96689510345459
2024-09-30 00:00:00+02:00,12.494101524353027,6.570642948150635,13.62438678741455,13.132349967956543
2024-10-01 00:00:00+02:00,12.489424705505371,6.612768173217773,13.716590881347656,13.151257514953613
2024-10-02 00:00:00+02:00,12.302315711975098,6.512948989868164,13.58926010131836,12.895986557006836
2024-10-03 00:00:00+02:00,12.166664123535156,6.395731449127197,13.475101470947266,12.943258285522461
2024-10-04 00:00:00+02:00,12.07310962677002,6.369173526763916,13.540963172912598,12.829803466796875
2024-10-07 00:00:00+02:00,11.857935905456543,6.3554368019104,13.457538604736328,12.768348693847656
2024-10-08 00:00:00+02:00,12.035688400268555,6.3893208503723145,13.461929321289062,12.9716215133667
2024-10-09 00:00:00+02:00,12.007622718811035,6.411298751831055,13.514618873596191,13.018895149230957
2024-10-10 00:00:00+02:00,12.021656036376953,6.393898963928223,13.668292999267578,12.791985511779785
2024-10-11 00:00:00+02:00,12.091821670532227,6.470823764801025,13.879048347473145,12.87707805633545
2024-10-14 00:00:00+02:00,12.110530853271484,6.571558952331543,13.980033874511719,13.080350875854492
2024-10-15 00:00:00+02:00,12.335061073303223,6.601778984069824,14.124926567077637,13.302531242370605
2024-10-16 00:00:00+02:00,12.419258117675781,6.671377182006836,14.173225402832031,13.401803970336914
2024-10-17 00:00:00+02:00,12.236828804016113,6.703429222106934,14.07223892211914,13.302531242370605
2024-10-18 00:00:00+02:00,12.18537425994873,6.714418411254883,13.988815307617188,13.22689437866211
2024-10-21 00:00:00+02:00,12.124564170837402,6.718997001647949,13.9010009765625,13.283621788024902
2024-10-22 00:00:00+02:00,11.956167221069336,6.56606388092041,13.756107330322266,13.080350875854492
2024-10-23 00:00:00+02:00,12.091821670532227,6.572474479675293,13.83074951171875,13.27416706085205
2024-10-24 00:00:00+02:00,12.07310962677002,6.59445333480835,13.83074951171875,13.25998592376709
2024-10-25 00:00:00+02:00,11.928101539611816,6.582547664642334,13.742935180664062,13.18907642364502
2024-10-28 00:00:00+01:00,12.021656036376953,6.600863456726074,13.821968078613281,13.302531242370605
2024-10-29 00:00:00+01:00,11.914068222045898,6.536759853363037,13.681465148925781,13.151257514953613
2024-10-30 00:00:00+01:00,11.703572273254395,6.484560012817383,13.62438678741455,13.009440422058105
2024-10-31 00:00:00+01:00,11.614696502685547,6.382910251617432,13.536571502685547,12.900713920593262
2024-11-01 00:00:00+01:00,11.614696502685547,6.421372413635254,13.540963172912598,13.070895195007324
2024-11-04 00:00:00+01:00,11.59130859375,6.438772201538086,13.475101470947266,12.9716215133667
2024-11-05 00:00:00+01:00,11.558564186096191,6.408552169799805,13.409241676330566,12.995258331298828
2024-11-06 00:00:00+01:00,11.418233871459961,6.240965843200684,13.303863525390625,12.446895599365234
2024-11-07 00:00:00+01:00,11.221771240234375,6.131989002227783,13.387287139892578,12.39489459991455
2024-11-08 00:00:00+01:00,11.142250061035156,6.115505218505859,13.334599494934082,12.48944091796875
2024-11-11 00:00:00+01:00,11.263870239257812,6.1860198974609375,13.479493141174316,12.635986328125
2024-11-12 00:00:00+01:00,11.062729835510254,6.035833835601807,13.360943794250488,12.465805053710938
2024-11-13 00:00:00+01:00,10.969176292419434,6.06239128112793,13.356552124023438,12.48471450805664
2024-11-14 00:00:00+01:00,11.011275291442871,6.200671672821045,13.439976692199707,12.64071273803711
2024-11-15 00:00:00+01:00,10.880300521850586,6.216240406036377,13.523399353027344,12.659622192382812
2024-11-18 00:00:00+01:00,10.824167251586914,6.13473653793335,13.58047866821289,12.60289478302002
2024-11-19 00:00:00+01:00,10.908366203308105,6.08345365524292,13.558525085449219,12.669076919555664
2024-11-20 00:00:00+01:00,10.828845024108887,6.011107921600342,13.567306518554688,12.621805191040039
2024-11-21 00:00:00+01:00,10.870944023132324,6.025760173797607,13.584870338439941,12.598167419433594
2024-11-22 00:00:00+01:00,11.259191513061523,6.156714916229248,13.514618873596191,12.843985557556152
2024-11-25 00:00:00+01:00,11.33403491973877,6.17411470413208,13.325817108154297,12.669076919555664
2024-11-26 00:00:00+01:00,11.282581329345703,6.146641731262207,13.15896987915039,12.645441055297852
2024-11-27 00:00:00+01:00,11.170316696166992,6.171367168426514,13.057984352111816,12.739986419677734
2024-11-28 00:00:00+01:00,11.170316696166992,6.199756145477295,13.242393493652344,12.744712829589844
2024-11-29 00:00:00+01:00,11.39952278137207,6.236386775970459,13.246785163879395,12.754166603088379
2024-12-02 00:00:00+01:00,11.497754096984863,6.255618095397949,13.137016296386719,12.773077011108398
2024-12-03 00:00:00+01:00,11.263870239257812,6.3297953605651855,13.123844146728516,12.791985511779785
2024-12-04 00:00:00+01:00,11.160961151123047,6.358183860778809,13.176533699035645,12.678531646728516
2024-12-05 00:00:00+01:00,11.18435001373291,6.421372413635254,13.404850959777832,12.773077011108398
2024-12-06 00:00:00+01:00,11.268548011779785,6.397562503814697,13.391678810119629,12.71162223815918
2024-12-09 00:00:00+01:00,11.226449012756348,6.339869022369385,13.422412872314453,12.550894737243652
2024-12-10 00:00:00+01:00,11.226449012756348,6.351773738861084,13.308255195617676,12.541441917419434
2024-12-11 00:00:00+01:00,11.142250061035156,6.33528995513916,13.343379974365234,12.48471450805664
2024-12-12 00:00:00+01:00,11.170316696166992,6.327047824859619,13.251174926757812,12.479986190795898
2024-12-13 00:00:00+01:00,11.090795516967773,6.358183860778809,13.36972427368164,12.423259735107422
2024-12-16 00:00:00+01:00,10.941109657287598,6.427783012390137,13.119453430175781,12.465805053710938
2024-12-17 00:00:00+01:00,10.590282440185547,6.369173526763916,13.062374114990234,12.479986190795898
2024-12-18 00:00:00+01:00,10.454629898071289,6.333458423614502,13.031639099121094,12.446895599365234
2024-12-19 00:00:00+01:00,10.412530899047852,6.228145122528076,13.014077186584473,12.27198600769043
2024-12-20 00:00:00+01:00,10.403175354003906,6.232724189758301,13.093109130859375,12.33816909790039
2024-12-23 00:00:00+01:00,10.468663215637207,6.22631311416626,13.15896987915039,12.366531372070312
2024-12-27 00:00:00+01:00,10.524795532226562,6.270270824432373,13.295082092285156,12.446895599365234
2024-12-30 00:00:00+01:00,10.52011775970459,6.305985927581787,13.37850570678711,12.494168281555176
